Aux,Dom,E,F,I,Inf,J,N,NF,NT,P,S,SJ,SP,T,Tert,X,img_url,name,profile,votes_ENFJ,votes_ENFP,votes_ENTJ,votes_ENTP,votes_ESFJ,votes_ESFP,votes_ESTJ,votes_ESTP,votes_INFJ,votes_INFP,votes_INTJ,votes_INTP,votes_ISFJ,votes_ISFP,votes_ISTJ,votes_ISTP
Te,Ni,,,100%,Se,82%,91%,18%,73%,,,0%,9%,73%,Fi,,https://api.personality-database.com/profile_images/23604.png,Cillian Murphy,https://www.personality-database.com/profile/23604/cillian-murphy-actors-british-isles-mbti-personality-type,,,,,,,,,1,1,8,,,1,,
Te,Ni,,,89%,Se,100%,78%,0%,78%,,,22%,0%,89%,Fi,,https://api.personality-database.com/profile_images/3144.png,Clive Owen,https://www.personality-database.com/profile/3144/clive-owen-actors-british-isles-mbti-personality-type,,,,,1,,,,,,7,,,,1,
Se,Fi,,83%,75%,Te,,,8%,0%,100%,92%,0%,92%,,Ni,,https://api.personality-database.com/profile_images/9821.png,Colin Farrell,https://www.personality-database.com/profile/9821/colin-farrell-actors-british-isles-mbti-personality-type,,1,,,,1,,1,,,,,,8,,1
Te,Ni,,,100%,Se,84%,97%,24%,74%,,,3%,0%,76%,Fi,,https://api.personality-database.com/profile_images/1019.png,Colin Firth,https://www.personality-database.com/profile/1019/colin-firth-actors-british-isles-mbti-personality-type,,,,,,,,,3,6,28,,,,1,
Ne,Fi,,100%,100%,Te,,67%,67%,0%,100%,,0%,33%,,Si,,https://api.personality-database.com/profile_images/29453.png,Colin Morgan,https://www.personality-database.com/profile/29453/colin-morgan-actors-british-isles-mbti-personality-type,,,,,,,,,,2,,,,1,,
Ni,Te,100%,,,Fi,100%,100%,0%,100%,,,0%,0%,100%,Se,,/images/profile_transparent.png,Craig Charles,https://www.personality-database.com/profile/22597/craig-charles-actors-british-isles-mbti-personality-type,,,1,,,,,,,,,,,,,
Fe,Ni,,67%,100%,Se,83%,100%,67%,33%,,,0%,0%,,Ti,,https://api.personality-database.com/profile_images/27701.png,Dan Stevens,https://www.personality-database.com/profile/27701/dan-stevens-actors-british-isles-mbti-personality-type,,,,,,,,,3,1,2,,,,,
Se,Ti,,,100%,Fe,,,0%,3%,94%,97%,3%,94%,100%,Ni,,https://api.personality-database.com/profile_images/1041.png,Daniel Craig,https://www.personality-database.com/profile/1041/daniel-craig-actors-british-isles-mbti-personality-type,,,,,,,,,,,1,,,,1,31
Fe,Ni,,92%,100%,Se,96%,100%,92%,8%,,,0%,0%,,Ti,,https://api.personality-database.com/profile_images/9052.png,Daniel Day-Lewis,https://www.personality-database.com/profile/9052/daniel-daylewis-actors-british-isles-mbti-personality-type,,,,,,,,,22,1,2,,,,,
Fi,Ne,90%,92%,,Si,,95%,87%,8%,99%,,1%,4%,,Te,,https://api.personality-database.com/profile_images/587.png,Daniel Radcliffe,https://www.personality-database.com/profile/587/daniel-radcliffe-actors-british-isles-mbti-personality-type,,66,,2,,2,,,,2,,4,1,1,,
Ti,Ne,100%,,,Ni,,,0%,50%,100%,,0%,50%,100%,Fe,50%,/images/profile_transparent.png,Danny Dyer,https://www.personality-database.com/profile/20583/danny-dyer-actors-british-isles-mbti-personality-type,,,,2,,,,2,,,,,,,,
Ti,Ne,100%,,,Si,,100%,11%,89%,100%,,0%,0%,89%,Fe,,https://api.personality-database.com/profile_images/10916.png,David Tennant,https://www.personality-database.com/profile/10916/david-tennant-actors-british-isles-mbti-personality-type,,2,,16,,,,,,,,,,,,
Ne,Fi,,100%,100%,Te,,100%,100%,0%,100%,,0%,0%,,Si,,https://api.personality-database.com/profile_images/35020.png,David Thewlis,https://www.personality-database.com/profile/35020/david-thewlis-actors-british-isles-mbti-personality-type,,,,,,,,,,2,,,,,,
Fi,Se,100%,100%,,Ni,,,0%,0%,100%,100%,0%,100%,,Te,,/images/profile_transparent.png,Delroy Lindo,https://www.personality-database.com/profile/22518/delroy-lindo-actors-british-isles-mbti-personality-type,,,,,,1,,,,,,,,,,
Se,Fi,,100%,100%,Te,,,17%,0%,100%,83%,0%,83%,,Ni,,https://api.personality-database.com/profile_images/10400.png,Domhnall Gleeson,https://www.personality-database.com/profile/10400/domhnall-gleeson-actors-british-isles-mbti-personality-type,,,,,,,,,,1,,,,5,,
Fe,Ne,,,,Ne,,,0%,50%,,,50%,0%,,Fe,50%,https://api.personality-database.com/profile_images/29816.png,Dominic Sherwood,https://www.personality-database.com/profile/29816/dominic-sherwood-actors-british-isles-mbti-personality-type,,,,1,,,,,,,,,1,,,
Ne,Fi,,100%,93%,Te,,97%,97%,0%,90%,,0%,3%,,Si,,https://api.personality-database.com/profile_images/6405.png,Eddie Redmayne,https://www.personality-database.com/profile/6405/eddie-redmayne-actors-british-isles-mbti-personality-type,1,,,,,1,,,2,26,,,,,,
Se,Fi,,100%,69%,Te,,,31%,0%,100%,69%,0%,69%,,Ni,,https://api.personality-database.com/profile_images/15914.png,Ewan McGregor,https://www.personality-database.com/profile/15914/ewan-mcgregor-actors-british-isles-mbti-personality-type,,5,,,,,,,,,,,,11,,
Fi,Ne,100%,100%,,Si,,100%,100%,0%,100%,,0%,0%,,Te,,/images/profile_transparent.png,Ferdia Walsh-Peelo,https://www.personality-database.com/profile/23607/ferdia-walshpeelo-actors-british-isles-mbti-personality-type,,1,,,,,,,,,,,,,,
Se,Fi,,,100%,Fe,,,0%,0%,100%,100%,0%,100%,,Ni,50%,https://api.personality-database.com/profile_images/11858.png,Fionn Whitehead,https://www.personality-database.com/profile/11858/fionn-whitehead-actors-british-isles-mbti-personality-type,,,,,,,,,,,,,,1,,1
Ne,Ti,,,100%,Fe,,100%,16%,84%,88%,,0%,0%,84%,Si,,https://api.personality-database.com/profile_images/3824.png,Freddie Highmore,https://www.personality-database.com/profile/3824/freddie-highmore-actors-british-isles-mbti-personality-type,,,,,,,,,3,1,,21,,,,
Ne,Fi,,76%,100%,Te,,100%,76%,24%,94%,,0%,0%,,Si,,https://api.personality-database.com/profile_images/10098.png,Gary Oldman,https://www.personality-database.com/profile/10098/gary-oldman-actors-british-isles-mbti-personality-type,,,,,,,,,1,12,,4,,,,
Ti,Se,100%,,,Ni,,,0%,0%,100%,100%,0%,100%,100%,Fe,,https://api.personality-database.com/profile_images/34539.png,Gerard Butler,https://www.personality-database.com/profile/34539/gerard-butler-actors-british-isles-mbti-personality-type,,,,,,,,5,,,,,,,,
Fe,Ni,,100%,100%,Se,100%,100%,100%,0%,,,0%,0%,,Ti,,https://api.personality-database.com/profile_images/33305.png,Harry Lloyd,https://www.personality-database.com/profile/33305/harry-lloyd-actors-british-isles-mbti-personality-type,,,,,,,,,1,,,,,,,
Si,Fe,57%,100%,,Ti,93%,,14%,0%,,86%,86%,0%,,Ne,,https://api.personality-database.com/profile_images/14543.png,Henry Cavill,https://www.personality-database.com/profile/14543/henry-cavill-actors-british-isles-mbti-personality-type,1,,,,7,,,,,1,,,5,,,
Ne,Fi,,75%,100%,Te,,75%,50%,25%,100%,,0%,25%,,Si,,https://api.personality-database.com/profile_images/11743.png,Hugh Dancy,https://www.personality-database.com/profile/11743/hugh-dancy-actors-british-isles-mbti-personality-type,,,,,,,,,,2,,1,,1,,
Ti,Ne,94%,,,Si,,94%,12%,82%,94%,,6%,0%,88%,Fe,,https://api.personality-database.com/profile_images/3067.png,Hugh Grant,https://www.personality-database.com/profile/3067/hugh-grant-actors-british-isles-mbti-personality-type,,2,,14,,,,,,,,,,,1,
Ne,Fi,,67%,78%,Te,,100%,67%,33%,89%,,0%,0%,,Si,,https://api.personality-database.com/profile_images/29725.png,Hugh Laurie,https://www.personality-database.com/profile/29725/hugh-laurie-actors-british-isles-mbti-personality-type,,,,2,,,,,,6,1,,,,,
Fe,Si,,100%,100%,Ne,100%,,0%,0%,,100%,100%,0%,,Ti,,https://api.personality-database.com/profile_images/11799.png,Iain Glen,https://www.personality-database.com/profile/11799/iain-glen-actors-british-isles-mbti-personality-type,,,,,,,,,,,,,2,,,
Ne,Fi,,100%,100%,Te,,100%,100%,0%,100%,,0%,0%,,Si,,https://api.personality-database.com/profile_images/28041.png,Ian Holm,https://www.personality-database.com/profile/28041/ian-holm-actors-british-isles-mbti-personality-type,,,,,,,,,,1,,,,,,
Fi,Ne,100%,100%,,Si,,100%,100%,0%,100%,,0%,0%,,Te,,https://api.personality-database.com/profile_images/33187.png,Ian McDiarmid,https://www.personality-database.com/profile/33187/ian-mcdiarmid-actors-british-isles-mbti-personality-type,,2,,,,,,,,,,,,,,
Fi,Ne,75%,75%,,Si,,100%,75%,25%,88%,,0%,0%,,Te,,https://api.personality-database.com/profile_images/23771.png,Ian McKellen,https://www.personality-database.com/profile/23771/ian-mckellen-actors-british-isles-mbti-personality-type,,6,,,,,,,,,1,1,,,,
Ti,Se,100%,,,Ni,,,0%,8%,85%,92%,8%,85%,85%,Fe,,https://api.personality-database.com/profile_images/3227.png,Idris Elba,https://www.personality-database.com/profile/3227/idris-elba-actors-british-isles-mbti-personality-type,,,1,,1,1,,10,,,,,,,,
Te,Ni,,,100%,Se,100%,100%,0%,100%,,,0%,0%,100%,Fi,,https://api.personality-database.com/profile_images/34685.png,Isaac Hempstead Wright,https://www.personality-database.com/profile/34685/isaac-hempstead-wright-actors-british-isles-mbti-personality-type,,,,,,,,,,,4,,,,,
Ne,Fi,,100%,100%,Te,,100%,100%,0%,100%,,0%,0%,,Si,,https://api.personality-database.com/profile_images/31134.png,Iwan Rheon,https://www.personality-database.com/profile/31134/iwan-rheon-actors-british-isles-mbti-personality-type,,,,,,,,,,5,,,,,,
Se,Fi,,100%,100%,Te,,,33%,0%,100%,67%,0%,67%,,Ni,,https://api.personality-database.com/profile_images/33308.png,Jack Gleeson,https://www.personality-database.com/profile/33308/jack-gleeson-actors-british-isles-mbti-personality-type,,,,,,,,,,1,,,,2,,
Ne,Fi,,100%,100%,Te,,67%,67%,0%,100%,,0%,33%,,Si,,https://api.personality-database.com/profile_images/40606.png,Jacob Anderson,https://www.personality-database.com/profile/40606/jacob-anderson-actors-british-isles-mbti-personality-type,,,,,,,,,,2,,,,1,,
Fi,Ne,81%,96%,,Si,,96%,93%,4%,100%,,0%,4%,,Te,,https://api.personality-database.com/profile_images/3154.png,James McAvoy,https://www.personality-database.com/profile/3154/james-mcavoy-actors-british-isles-mbti-personality-type,,22,,,,,,,,3,,1,,1,,
Se,Ti,,,100%,Fe,,,0%,0%,100%,100%,0%,100%,100%,Ni,,/images/profile_transparent.png,Jason Flemyng,https://www.personality-database.com/profile/22520/jason-flemyng-actors-british-isles-mbti-personality-type,,,,,,,,,,,,,,,,1
Ti,Se,100%,,,Ni,,,0%,25%,88%,75%,0%,75%,100%,Fe,,https://api.personality-database.com/profile_images/16790.png,Jason Isaacs,https://www.personality-database.com/profile/16790/jason-isaacs-actors-british-isles-mbti-personality-type,,,1,1,,,,6,,,,,,,,
Fe,Ni,,,100%,Fe,,100%,50%,50%,,,0%,0%,,Si,50%,https://api.personality-database.com/profile_images/22506.png,Jeremy Brett,https://www.personality-database.com/profile/22506/jeremy-brett-actors-british-isles-mbti-personality-type,,,,,,,,,1,,,1,,,,
Fe,Ni,,75%,100%,Se,100%,100%,75%,25%,,,0%,0%,,Ti,,https://api.personality-database.com/profile_images/16756.png,Jeremy Irons,https://www.personality-database.com/profile/16756/jeremy-irons-actors-british-isles-mbti-personality-type,,,,,,,,,9,,3,,,,,
Ne,Fi,,100%,100%,Te,,100%,100%,0%,100%,,0%,0%,,Si,,https://api.personality-database.com/profile_images/16740.png,John Hurt,https://www.personality-database.com/profile/16740/john-hurt-actors-british-isles-mbti-personality-type,,,,,,,,,,8,,,,,,
Se,Ti,,,100%,Fe,,,0%,0%,100%,100%,0%,100%,100%,Ni,,/images/profile_transparent.png,John Rhys-Davies,https://www.personality-database.com/profile/22596/john-rhysdavies-actors-british-isles-mbti-personality-type,,,,,,,,,,,,,,,,5
Ne,Fi,,100%,63%,Te,,88%,88%,0%,75%,,0%,13%,,Si,,https://api.personality-database.com/profile_images/24097.png,Jude Law,https://www.personality-database.com/profile/24097/jude-law-actors-british-isles-mbti-personality-type,2,,,,,1,,,,5,,,,,,
Ni,Fe,89%,100%,,Ti,56%,100%,100%,0%,,,0%,0%,,Se,,https://api.personality-database.com/profile_images/10189.png,Kenneth Branagh,https://www.personality-database.com/profile/10189/kenneth-branagh-actors-british-isles-mbti-personality-type,5,3,,,,,,,,1,,,,,,
Se,Fi,,100%,100%,Te,,,0%,0%,100%,100%,0%,100%,,Ni,,/images/profile_transparent.png,Kenneth Connor,https://www.personality-database.com/profile/22531/kenneth-connor-actors-british-isles-mbti-personality-type,,,,,,,,,,,,,,1,,
Si,Fe,100%,100%,,Ti,100%,,0%,0%,,100%,100%,0%,,Ne,,/images/profile_transparent.png,Kenneth Williams,https://www.personality-database.com/profile/22524/kenneth-williams-actors-british-isles-mbti-personality-type,,,,,1,,,,,,,,,,,
Se,Fi,,100%,100%,Te,,,9%,0%,91%,91%,4%,87%,,Ni,,https://api.personality-database.com/profile_images/9951.png,Kit Harington,https://www.personality-database.com/profile/9951/kit-harington-actors-british-isles-mbti-personality-type,,,,,,,,,1,1,,,1,20,,
Ti,Ne,100%,,,Si,,100%,0%,100%,100%,,0%,0%,100%,Fe,,/images/profile_transparent.png,Lee Evans,https://www.personality-database.com/profile/22562/lee-evans-actors-british-isles-mbti-personality-type,,,,1,,,,,,,,,,,,
Fe,Ni,,77%,84%,Se,90%,77%,74%,3%,,,16%,6%,,Ti,,https://api.personality-database.com/profile_images/432.png,Liam Neeson,https://www.personality-database.com/profile/432/liam-neeson-actors-british-isles-mbti-personality-type,,1,,,,,3,1,22,,1,,1,,1,1
Fe,Ni,,100%,100%,Se,100%,100%,100%,0%,,,0%,0%,,Ti,,https://api.personality-database.com/profile_images/11748.png,Luke Evans,https://www.personality-database.com/profile/11748/luke-evans-actors-british-isles-mbti-personality-type,,,,,,,,,5,,,,,,,
Si,Te,100%,,,Fi,100%,,20%,0%,,80%,80%,0%,80%,Ne,,https://api.personality-database.com/profile_images/22570.png,Malcolm McDowell,https://www.personality-database.com/profile/22570/malcolm-mcdowell-actors-british-isles-mbti-personality-type,1,,,,,,4,,,,,,,,,
Se,Fi,,100%,100%,Te,,,0%,0%,100%,100%,0%,100%,,Ni,,/images/profile_transparent.png,Mark McKenna,https://www.personality-database.com/profile/23608/mark-mckenna-actors-british-isles-mbti-personality-type,,,,,,,,,,,,,,1,,
Ne,Fi,,78%,81%,Te,,89%,70%,19%,85%,,7%,4%,,Si,,https://api.personality-database.com/profile_images/586.png,Martin Freeman,https://www.personality-database.com/profile/586/martin-freeman-actors-british-isles-mbti-personality-type,1,,,1,1,1,1,,,18,1,3,,,,
Fi,Ne,100%,100%,,Si,,80%,80%,0%,100%,,0%,20%,,Te,,https://api.personality-database.com/profile_images/10926.png,Matt Smith,https://www.personality-database.com/profile/10926/matt-smith-actors-british-isles-mbti-personality-type,,8,,,,2,,,,,,,,,,
Fi,Ne,100%,100%,,Si,,100%,100%,0%,100%,,0%,0%,,Te,,https://api.personality-database.com/profile_images/37980.png,Matthew Goode,https://www.personality-database.com/profile/37980/matthew-goode-actors-british-isles-mbti-personality-type,,1,,,,,,,,,,,,,,
Fe,Si,,86%,81%,Ne,86%,,0%,10%,,90%,86%,5%,,Ti,,https://api.personality-database.com/profile_images/3195.png,Michael Caine,https://www.personality-database.com/profile/3195/michael-caine-people-of-classic-hollywood-mbti-personality-type,,,,2,,1,1,,,,,,17,,,
Se,Ti,,,85%,Fe,,,15%,15%,75%,70%,5%,65%,85%,Ni,,https://api.personality-database.com/profile_images/1063.png,Michael Fassbender,https://www.personality-database.com/profile/1063/michael-fassbender-actors-british-isles-mbti-personality-type,1,,,,,,,2,1,1,2,1,,,1,11
Fe,Fi,,83%,67%,Se,,83%,83%,0%,67%,,0%,17%,,Si,,https://api.personality-database.com/profile_images/22537.png,Michael Palin,https://www.personality-database.com/profile/22537/michael-palin-actors-british-isles-mbti-personality-type,,1,,,,,,1,2,2,,,,,,
Fi,Ne,100%,100%,,Si,,100%,100%,0%,100%,,0%,0%,,Te,,https://api.personality-database.com/profile_images/34686.png,Michael Praed,https://www.personality-database.com/profile/34686/michael-praed-actors-british-isles-mbti-personality-type,,1,,,,,,,,,,,,,,
Fi,Ne,100%,100%,,Si,,100%,100%,0%,100%,,0%,0%,,Te,,https://api.personality-database.com/profile_images/29812.png,Michael Sheen,https://www.personality-database.com/profile/29812/michael-sheen-actors-british-isles-mbti-personality-type,,3,,,,,,,,,,,,,,
Ti,Ne,100%,,,Si,,100%,0%,100%,100%,,0%,0%,100%,Fe,,https://api.personality-database.com/profile_images/21970.png,Michael York,https://www.personality-database.com/profile/21970/michael-york-actors-british-isles-mbti-personality-type,,,,1,,,,,,,,,,,,
Ne,Fi,,89%,100%,Te,,100%,89%,11%,100%,,0%,0%,,Si,,https://api.personality-database.com/profile_images/20113.png,Nicholas Hoult,https://www.personality-database.com/profile/20113/nicholas-hoult-actors-british-isles-mbti-personality-type,,,,,,,,,,8,,1,,,,
Te,Se,,,,Ne,,,0%,0%,,100%,50%,50%,100%,Fe,50%,https://api.personality-database.com/profile_images/10335.png,Oliver Reed,https://www.personality-database.com/profile/10335/oliver-reed-actors-british-isles-mbti-personality-type,,,,,,,,1,,,,,,,1,
Fe,Ni,,100%,100%,Se,100%,100%,100%,0%,,,0%,0%,,Ti,,https://api.personality-database.com/profile_images/48652.png,Orlando Bloom,https://www.personality-database.com/profile/48652/orlando-bloom-actors-british-isles-mbti-personality-type,,,,,,,,,2,,,,,,,
Ni,Fe,69%,63%,,Ti,100%,100%,63%,38%,,,0%,0%,,Se,,https://api.personality-database.com/profile_images/2976.png,Patrick Stewart,https://www.personality-database.com/profile/2976/patrick-stewart-actors-british-isles-mbti-personality-type,10,,1,,,,,,,,5,,,,,
Ne,Ti,,,100%,Fe,,100%,25%,75%,75%,,0%,0%,75%,Si,,https://api.personality-database.com/profile_images/23602.png,Paul Bettany,https://www.personality-database.com/profile/23602/paul-bettany-actors-british-isles-mbti-personality-type,,,,,,,,,1,,,3,,,,
Ti,Ne,100%,,,Si,,100%,0%,100%,100%,,0%,0%,100%,Fe,,/images/profile_transparent.png,Paul Daniels,https://www.personality-database.com/profile/22523/paul-daniels-actors-british-isles-mbti-personality-type,,,,1,,,,,,,,,,,,
Ne,Fi,,71%,100%,Te,,100%,71%,29%,71%,,0%,0%,,Si,,https://api.personality-database.com/profile_images/29811.png,Ralph Fiennes,https://www.personality-database.com/profile/29811/ralph-fiennes-actors-british-isles-mbti-personality-type,,,,,,,,,,5,2,,,,,
Ne,Fi,,100%,100%,Te,,100%,100%,0%,80%,,0%,0%,,Si,,https://api.personality-database.com/profile_images/6869.png,Richard Armitage,https://www.personality-database.com/profile/6869/richard-armitage-actors-british-isles-mbti-personality-type,,,,,,,,,1,4,,,,,,
Se,Fi,,100%,100%,Te,,,0%,0%,100%,100%,0%,100%,,Ni,,https://api.personality-database.com/profile_images/34549.png,Richard Madden,https://www.personality-database.com/profile/34549/richard-madden-actors-british-isles-mbti-personality-type,,,,,,,,,,,,,,4,,
Ti,Ne,100%,,,Si,,94%,31%,64%,83%,,0%,6%,69%,Fe,,https://api.personality-database.com/profile_images/9242.png,Ricky Gervais,https://www.personality-database.com/profile/9242/ricky-gervais-actors-british-isles-mbti-personality-type,,11,6,17,,,,2,,,,,,,,
Fi,Ne,100%,100%,,Si,,100%,100%,0%,100%,,0%,0%,,Te,,https://api.personality-database.com/profile_images/34082.png,Rik Mayall,https://www.personality-database.com/profile/34082/rik-mayall-actors-british-isles-mbti-personality-type,,2,,,,,,,,,,,,,,
Ti,Ne,100%,,,Si,,100%,0%,100%,100%,,0%,0%,100%,Fe,,https://api.personality-database.com/profile_images/43832.png,Riz Ahmed,https://www.personality-database.com/profile/43832/riz-ahmed-actors-british-isles-mbti-personality-type,,,,2,,,,,,,,,,,,
Ne,Fi,,96%,100%,Te,,96%,91%,4%,100%,,0%,4%,,Si,,https://api.personality-database.com/profile_images/9183.png,Robert Pattinson,https://www.personality-database.com/profile/9183/robert-pattinson-actors-british-isles-mbti-personality-type,,,,,,,,,,21,,1,,1,,
Ti,Ne,100%,,,Si,,100%,14%,86%,100%,,0%,0%,86%,Fe,,https://api.personality-database.com/profile_images/36316.png,Robert Sheehan,https://www.personality-database.com/profile/36316/robert-sheehan-actors-british-isles-mbti-personality-type,,1,,6,,,,,,,,,,,,
Te,Si,,,100%,Ne,100%,,0%,0%,,100%,100%,0%,100%,Fi,,https://api.personality-database.com/profile_images/22572.png,Roger Moore,https://www.personality-database.com/profile/22572/roger-moore-actors-british-isles-mbti-personality-type,,,,,,,,,,,,,,,2,
Ti,Ne,59%,,,Si,,98%,0%,98%,95%,,0%,2%,100%,Fe,,https://api.personality-database.com/profile_images/966.png,Rowan Atkinson,https://www.personality-database.com/profile/966/rowan-atkinson-actors-british-isles-mbti-personality-type,,,,26,,,,,,,2,15,,,,1
Ne,Fi,,67%,100%,Te,,100%,67%,33%,100%,,0%,0%,,Si,,https://api.personality-database.com/profile_images/10206.png,Rufus Sewell,https://www.personality-database.com/profile/10206/rufus-sewell-actors-british-isles-mbti-personality-type,,,,,,,,,,2,,1,,,,
Fi,Fi,,100%,57%,Te,,,36%,0%,100%,64%,0%,64%,,Te,,https://api.personality-database.com/profile_images/21481.png,Rupert Grint,https://www.personality-database.com/profile/21481/rupert-grint-actors-british-isles-mbti-personality-type,,1,,,,5,,,,4,,,,4,,
Ti,Ne,100%,,,Si,,100%,0%,100%,100%,,0%,0%,100%,Fe,,https://api.personality-database.com/profile_images/2705.png,Sacha Baron Cohen,https://www.personality-database.com/profile/2705/sacha-baron-cohen-actors-british-isles-mbti-personality-type,,,,29,,,,,,,,,,,,
Si,Fe,100%,100%,,Ti,100%,,0%,0%,,100%,100%,0%,,Ne,,https://api.personality-database.com/profile_images/16680.png,Sam Claflin,https://www.personality-database.com/profile/16680/sam-claflin-actors-british-isles-mbti-personality-type,,,,,5,,,,,,,,,,,
Ni,Te,100%,,,Fi,100%,100%,0%,100%,,,0%,0%,100%,Se,,https://api.personality-database.com/profile_images/12032.png,Sean Bean,https://www.personality-database.com/profile/12032/sean-bean-actors-british-isles-mbti-personality-type,,,8,,,,,,,,,,,,,
Te,Si,,,100%,Ne,94%,,0%,0%,,100%,94%,6%,100%,Fi,,https://api.personality-database.com/profile_images/653.png,Sean Connery,https://www.personality-database.com/profile/653/sean-connery-people-of-classic-hollywood-mbti-personality-type,,,,,,,,,,,,,,,17,1
Ti,Ne,100%,,,Si,,78%,11%,67%,100%,,0%,22%,67%,Fe,,https://api.personality-database.com/profile_images/2167.png,Simon Pegg,https://www.personality-database.com/profile/2167/simon-pegg-actors-british-isles-mbti-personality-type,,1,,6,,2,,,,,,,,,,
Ti,Ne,100%,,,Si,,100%,0%,100%,89%,,0%,0%,100%,Fe,,https://api.personality-database.com/profile_images/25107.png,Stephen Fry,https://www.personality-database.com/profile/25107/stephen-fry-actors-british-isles-mbti-personality-type,,,1,8,,,,,,,,,,,,
Te,Si,,,100%,Ne,100%,,0%,0%,,100%,100%,0%,100%,Fi,,/images/profile_transparent.png,Stewart Granger,https://www.personality-database.com/profile/22640/stewart-granger-actors-british-isles-mbti-personality-type,,,,,,,,,,,,,,,1,
Fi,Ne,100%,100%,,Si,,100%,100%,0%,100%,,0%,0%,,Te,,/images/profile_transparent.png,Taron Egerton,https://www.personality-database.com/profile/38987/taron-egerton-actors-british-isles-mbti-personality-type,,2,,,,,,,,,,,,,,
Te,Si,,,100%,Ne,100%,,0%,0%,,100%,100%,0%,100%,Fi,,https://api.personality-database.com/profile_images/22573.png,Terence Stamp,https://www.personality-database.com/profile/22573/terence-stamp-actors-british-isles-mbti-personality-type,,,,,,,,,,,,,,,4,
Ni,Te,100%,,,Fi,100%,60%,0%,60%,,,40%,0%,60%,Se,,https://api.personality-database.com/profile_images/1500.png,Theo James,https://www.personality-database.com/profile/1500/theo-james-actors-british-isles-mbti-personality-type,,,3,,2,,,,,,,,,,,
Te,Ni,,,100%,Se,57%,93%,29%,64%,,,0%,7%,71%,Fi,,https://api.personality-database.com/profile_images/23906.png,Thomas Brodie-Sangster,https://www.personality-database.com/profile/23906/thomas-brodiesangster-actors-british-isles-mbti-personality-type,,,,,,,,,,4,8,1,,,,1
Fi,Ne,100%,75%,,Si,,100%,75%,25%,100%,,0%,0%,,Te,,https://api.personality-database.com/profile_images/28209.png,Tim Curry,https://www.personality-database.com/profile/28209/tim-curry-actors-british-isles-mbti-personality-type,,3,,1,,,,,,,,,,,,
Se,Fi,,100%,100%,Te,,,0%,0%,100%,100%,0%,100%,,Ni,,https://api.personality-database.com/profile_images/50180.png,Tim Roth,https://www.personality-database.com/profile/50180/tim-roth-actors-british-isles-mbti-personality-type,,,,,,,,,,,,,,2,,
Ne,Ti,,,100%,Fe,,100%,0%,100%,100%,,0%,0%,100%,Si,,https://api.personality-database.com/profile_images/16349.png,Timothy Dalton,https://www.personality-database.com/profile/16349/timothy-dalton-actors-british-isles-mbti-personality-type,,,,,,,,,,,,2,,,,
Fe,Ni,,100%,90%,Se,90%,90%,90%,0%,,,0%,10%,,Ti,,https://api.personality-database.com/profile_images/1397.png,Toby Kebbell,https://www.personality-database.com/profile/1397/toby-kebbell-actors-british-isles-mbti-personality-type,1,,,,,,,,8,,,,,1,,
Ti,Ne,100%,,,Si,,100%,0%,100%,100%,,0%,0%,100%,Fe,,https://api.personality-database.com/profile_images/9185.png,Tom Baker,https://www.personality-database.com/profile/9185/tom-baker-actors-british-isles-mbti-personality-type,,,,2,,,,,,,,,,,,
Fi,Se,100%,100%,,Ni,,,0%,0%,100%,100%,0%,100%,,Te,,https://api.personality-database.com/profile_images/44673.png,Tom Ellis,https://www.personality-database.com/profile/44673/tom-ellis-actors-british-isles-mbti-personality-type,,,,,,1,,,,,,,,,,
Fi,Ne,83%,100%,,Si,,67%,67%,0%,100%,,0%,33%,,Te,,https://api.personality-database.com/profile_images/21480.png,Tom Felton,https://www.personality-database.com/profile/21480/tom-felton-actors-british-isles-mbti-personality-type,,7,,,,3,,,,1,,,,1,,
Ne,Fi,,79%,93%,Te,,93%,72%,21%,97%,,0%,7%,,Si,,https://api.personality-database.com/profile_images/6460.png,Tom Hardy,https://www.personality-database.com/profile/6460/tom-hardy-actors-british-isles-mbti-personality-type,,,,,,2,,,,21,1,5,,,,
Ne,Fi,,98%,93%,Te,,100%,98%,2%,89%,,0%,0%,,Si,,https://api.personality-database.com/profile_images/760.png,Tom Hiddleston,https://www.personality-database.com/profile/760/tom-hiddleston-actors-british-isles-mbti-personality-type,2,2,,,,,,,4,47,,1,,,,
Fi,Ne,97%,99%,,Si,,90%,90%,0%,100%,,0%,10%,,Te,,https://api.personality-database.com/profile_images/13846.png,Tom Holland,https://www.personality-database.com/profile/13846/tom-holland-actors-british-isles-mbti-personality-type,,62,,,,4,,1,,,,,,2,,
Te,Ni,,,100%,Se,100%,100%,0%,100%,,,0%,0%,100%,Fi,,https://api.personality-database.com/profile_images/6870.png,Tom Hughes,https://www.personality-database.com/profile/6870/tom-hughes-actors-british-isles-mbti-personality-type,,,,,,,,,,,1,,,,,
Si,Te,100%,,,Fi,100%,,0%,0%,,100%,100%,0%,100%,Ne,,/images/profile_transparent.png,Vinnie Jones,https://www.personality-database.com/profile/46918/vinnie-jones-actors-british-isles-mbti-personality-type,,,,,,,1,,,,,,,,,
Fi,Ne,100%,100%,,Si,,100%,100%,0%,100%,,0%,0%,,Te,,https://api.personality-database.com/profile_images/15290.png,Warwick Davis,https://www.personality-database.com/profile/15290/warwick-davis-actors-british-isles-mbti-personality-type,,7,,,,,,,,,,,,,,
Se,Fi,,100%,100%,Te,,,0%,0%,100%,100%,0%,100%,,Ni,,/images/profile_transparent.png,Will Mellor,https://www.personality-database.com/profile/22580/will-mellor-actors-british-isles-mbti-personality-type,,,,,,,,,,,,,,1,,
Ni,Fe,100%,100%,,Ti,100%,100%,100%,0%,,,0%,0%,,Se,,https://api.personality-database.com/profile_images/4538.png,William Moseley,https://www.personality-database.com/profile/4538/william-moseley-actors-british-isles-mbti-personality-type,1,,,,,,,,,,,,,,,
Ni,Fe,100%,100%,,Ti,67%,67%,67%,0%,,,0%,33%,,Se,,https://api.personality-database.com/profile_images/24604.png,Alex Kingston,https://www.personality-database.com/profile/24604/alex-kingston-actresses-british-isles-mbti-personality-type,2,,,,,1,,,,,,,,,,
Fe,Si,,100%,100%,Ne,100%,,0%,0%,,100%,100%,0%,,Ti,,https://api.personality-database.com/profile_images/21479.png,Amanda Abbington,https://www.personality-database.com/profile/21479/amanda-abbington-actresses-british-isles-mbti-personality-type,,,,,,,,,,,,,2,,,
Si,Fe,100%,100%,,Ti,100%,,0%,0%,,100%,100%,0%,,Ne,,https://api.personality-database.com/profile_images/21786.png,Amy Huberman,https://www.personality-database.com/profile/21786/amy-huberman-actresses-british-isles-mbti-personality-type,,,,,1,,,,,,,,,,,
Fi,Ne,86%,100%,,Si,,100%,100%,0%,100%,,0%,0%,,Te,,https://api.personality-database.com/profile_images/16646.png,Amybeth McNulty,https://www.personality-database.com/profile/16646/amybeth-mcnulty-actresses-british-isles-mbti-personality-type,,6,,,,,,,,1,,,,,,
Fe,Si,,100%,100%,Ne,100%,,0%,0%,,100%,100%,0%,,Ti,,https://api.personality-database.com/profile_images/20128.png,Andrea Riseborough,https://www.personality-database.com/profile/20128/andrea-riseborough-actresses-british-isles-mbti-personality-type,,,,,,,,,,,,,1,,,
Fi,Ne,100%,100%,,Si,,100%,100%,0%,100%,,0%,0%,,Te,,https://api.personality-database.com/profile_images/11993.png,Anya Taylor-Joy,https://www.personality-database.com/profile/11993/anya-taylorjoy-actresses-british-isles-mbti-personality-type,,8,,,,,,,,,,,,,,
Fi,Se,100%,100%,,Ni,,,0%,0%,100%,100%,0%,100%,,Te,,https://api.personality-database.com/profile_images/33312.png,Billie Piper,https://www.personality-database.com/profile/33312/billie-piper-actresses-british-isles-mbti-personality-type,,,,,,1,,,,,,,,,,
Fe,Si,,100%,100%,Ne,100%,,0%,0%,,100%,100%,0%,,Ti,,/images/profile_transparent.png,Caitriona Balfe,https://www.personality-database.com/profile/36679/caitriona-balfe-actresses-british-isles-mbti-personality-type,,,,,,,,,,,,,1,,,
Fi,Ne,88%,83%,,Si,,88%,77%,10%,88%,,6%,6%,,Te,,https://api.personality-database.com/profile_images/5939.png,Cara Delevingne,https://www.personality-database.com/profile/5939/cara-delevingne-models-mbti-personality-type,1,36,,1,,3,1,,,,2,2,,,2,
Fe,Ni,,96%,100%,Se,100%,93%,93%,0%,,,7%,0%,,Ti,,https://api.personality-database.com/profile_images/1023.png,Carey Mulligan,https://www.personality-database.com/profile/1023/carey-mulligan-actresses-british-isles-mbti-personality-type,,,,,,,,,25,,,,1,,1,
Si,Fe,89%,89%,,Ti,100%,,0%,0%,,100%,100%,0%,,Ne,,https://api.personality-database.com/profile_images/13922.png,Catherine Zeta-Jones,https://www.personality-database.com/profile/13922/catherine-zetajones-actresses-british-isles-mbti-personality-type,,,,,8,,,,,,,,,,1,
Fe,Ni,,100%,100%,Se,100%,100%,100%,0%,,,0%,0%,,Ti,,/images/profile_transparent.png,Charlotte Ritchie,https://www.personality-database.com/profile/40277/charlotte-ritchie-actresses-british-isles-mbti-personality-type,,,,,,,,,1,,,,,,,
Fe,Ni,,100%,100%,Se,100%,100%,100%,0%,,,0%,0%,,Ti,,https://api.personality-database.com/profile_images/19536.png,Claire Forlani,https://www.personality-database.com/profile/19536/claire-forlani-actresses-british-isles-mbti-personality-type,,,,,,,,,2,,,,,,,
Si,Fe,93%,83%,,Ti,87%,,13%,0%,,87%,77%,10%,,Ne,,https://api.personality-database.com/profile_images/3861.png,Daisy Ridley,https://www.personality-database.com/profile/3861/daisy-ridley-actresses-british-isles-mbti-personality-type,3,1,,,18,2,4,,,,,,,1,1,
Ni,Ne,100%,,,Si,,100%,40%,60%,,,0%,0%,60%,Fe,50%,https://api.personality-database.com/profile_images/15275.png,Diana Rigg,https://www.personality-database.com/profile/15275/diana-rigg-actresses-british-isles-mbti-personality-type,4,,1,5,,,,,,,,,,,,
Ni,Fe,99%,99%,,Ti,89%,54%,54%,0%,,,43%,3%,,Se,,https://api.personality-database.com/profile_images/9123.png,Emilia Clarke,https://www.personality-database.com/profile/9123/emilia-clarke-actresses-british-isles-mbti-personality-type,33,6,,,30,1,,1,,,,,1,,,
Se,Ti,,,91%,Fe,,,4%,4%,91%,91%,4%,87%,87%,Ni,,https://api.personality-database.com/profile_images/1043.png,Emily Blunt,https://www.personality-database.com/profile/1043/emily-blunt-actresses-british-isles-mbti-personality-type,,,,,,,,2,,1,1,,,2,1,16
Fe,Fi,,100%,100%,Ne,,,50%,0%,,,50%,0%,,Si,50%,https://api.personality-database.com/profile_images/16939.png,Emily Mortimer,https://www.personality-database.com/profile/16939/emily-mortimer-actresses-british-isles-mbti-personality-type,,,,,,,,,,1,,,1,,,
Ni,Fe,100%,71%,,Ti,71%,94%,71%,24%,,,0%,6%,,Se,,https://api.personality-database.com/profile_images/5533.png,Emma Thompson,https://www.personality-database.com/profile/5533/emma-thompson-actresses-british-isles-mbti-personality-type,12,,,4,,,,1,,,,,,,,
Fe,Ni,,52%,78%,Se,97%,,46%,3%,,51%,51%,0%,,Ti,,https://api.personality-database.com/profile_images/588.png,Emma Watson,https://www.personality-database.com/profile/588/emma-watson-actresses-british-isles-mbti-personality-type,7,2,1,,2,,38,,95,1,3,3,12,1,65,
Ne,Fi,,100%,91%,Te,,100%,100%,0%,100%,,0%,0%,,Si,,https://api.personality-database.com/profile_images/16610.png,Evanna Lynch,https://www.personality-database.com/profile/16610/evanna-lynch-actresses-british-isles-mbti-personality-type,,1,,,,,,,,10,,,,,,
Fe,Ni,,94%,100%,Se,88%,100%,94%,6%,,,0%,0%,,Ti,,https://api.personality-database.com/profile_images/8726.png,Felicity Jones,https://www.personality-database.com/profile/8726/felicity-jones-actresses-british-isles-mbti-personality-type,,,,,,,,,13,2,1,,,,,
Fe,Si,,100%,100%,Ne,100%,,20%,0%,,80%,80%,0%,,Ti,,https://api.personality-database.com/profile_images/17586.png,Gemma Chan,https://www.personality-database.com/profile/17586/gemma-chan-actresses-british-isles-mbti-personality-type,,,,,,,,,1,,,,4,,,
Fe,Si,,100%,100%,Ne,100%,,0%,0%,,100%,100%,0%,,Ti,,https://api.personality-database.com/profile_images/44743.png,Gemma Whelan,https://www.personality-database.com/profile/44743/gemma-whelan-actresses-british-isles-mbti-personality-type,,,,,,,,,,,,,1,,,
Ti,Ni,,,,Se,,80%,30%,50%,,,0%,20%,60%,Fe,50%,https://api.personality-database.com/profile_images/16149.png,Gillian Anderson,https://www.personality-database.com/profile/16149/gillian-anderson-actresses-usa-mbti-personality-type,,,1,3,,,,1,3,,1,,,1,,
Fi,Se,100%,100%,,Ni,,,0%,0%,100%,100%,0%,100%,,Te,,https://api.personality-database.com/profile_images/30774.png,Gwendoline Christie,https://www.personality-database.com/profile/30774/gwendoline-christie-actresses-british-isles-mbti-personality-type,,,,,,5,,,,,,,,,,
Ne,Fi,,100%,100%,Te,,67%,67%,0%,100%,,0%,33%,,Si,,/images/profile_transparent.png,Hannah John-Kamen,https://www.personality-database.com/profile/18645/hannah-johnkamen-actresses-british-isles-mbti-personality-type,,,,,,,,,,2,,,,1,,
Se,Fi,,100%,100%,Te,,,0%,0%,100%,100%,0%,100%,,Ni,,/images/profile_transparent.png,Hannah Ware,https://www.personality-database.com/profile/25488/hannah-ware-actresses-british-isles-mbti-personality-type,,,,,,,,,,,,,,1,,
Ni,Fe,100%,100%,,Ti,75%,75%,75%,0%,,,0%,25%,,Se,,https://api.personality-database.com/profile_images/34787.png,Helen Mirren,https://www.personality-database.com/profile/34787/helen-mirren-actresses-british-isles-mbti-personality-type,3,,,,,1,,,,,,,,,,
Ni,Fe,86%,100%,,Ti,76%,100%,100%,0%,,,0%,0%,,Se,,https://api.personality-database.com/profile_images/6134.png,Helena Bonham Carter,https://www.personality-database.com/profile/6134/helena-bonham-carter-actresses-british-isles-mbti-personality-type,21,4,,,,,,,1,3,,,,,,
Fi,Ne,100%,100%,,Ni,,,50%,0%,100%,,0%,50%,,Te,50%,/images/profile_transparent.png,Imogen Hassall,https://www.personality-database.com/profile/36283/imogen-hassall-actresses-british-isles-mbti-personality-type,,1,,,,1,,,,,,,,,,
Ne,Fi,,100%,100%,Te,,100%,100%,0%,100%,,0%,0%,,Si,,/images/profile_transparent.png,Isy Suttie,https://www.personality-database.com/profile/31440/isy-suttie-actresses-british-isles-mbti-personality-type,,,,,,,,,,1,,,,,,
Ni,Fe,100%,100%,,Ti,100%,100%,100%,0%,,,0%,0%,,Se,,https://api.personality-database.com/profile_images/31435.png,Jameela Jamil,https://www.personality-database.com/profile/31435/jameela-jamil-actresses-british-isles-mbti-personality-type,6,,,,,,,,,,,,,,,
Fe,Si,,100%,100%,Ne,100%,,0%,0%,,100%,100%,0%,,Ti,,https://api.personality-database.com/profile_images/20851.png,Jane Horrocks,https://www.personality-database.com/profile/20851/jane-horrocks-actresses-british-isles-mbti-personality-type,,,,,,,,,,,,,1,,,
Ne,Fi,,100%,100%,Te,,100%,100%,0%,100%,,0%,0%,,Si,,https://api.personality-database.com/profile_images/16741.png,Jenna Coleman,https://www.personality-database.com/profile/16741/jenna-coleman-actresses-british-isles-mbti-personality-type,,,,,,,,,,2,,,,,,
Fi,Ne,100%,,,Ni,,,0%,50%,100%,,0%,50%,,Fe,50%,https://api.personality-database.com/profile_images/33313.png,Jessica Barden,https://www.personality-database.com/profile/33313/jessica-barden-actresses-british-isles-mbti-personality-type,,,,1,,1,,,,,,,,,,
Ni,Fe,100%,100%,,Ti,100%,100%,100%,0%,,,0%,0%,,Se,,https://api.personality-database.com/profile_images/31974.png,Jessie Buckley,https://www.personality-database.com/profile/31974/jessie-buckley-actresses-british-isles-mbti-personality-type,1,,,,,,,,,,,,,,,
Fi,Se,67%,100%,,Ni,,,0%,0%,100%,100%,0%,100%,,Te,,https://api.personality-database.com/profile_images/33555.png,Jodie Comer,https://www.personality-database.com/profile/33555/jodie-comer-actresses-british-isles-mbti-personality-type,,,,,,2,,,,,,,,1,,
Fi,Ne,100%,100%,,Si,,100%,100%,0%,100%,,0%,0%,,Te,,https://api.personality-database.com/profile_images/20273.png,Jodie Whittaker,https://www.personality-database.com/profile/20273/jodie-whittaker-actresses-british-isles-mbti-personality-type,,3,,,,,,,,,,,,,,
Te,Si,,,100%,Ne,100%,,0%,0%,,100%,100%,0%,100%,Fi,,https://api.personality-database.com/profile_images/19422.png,Judi Dench,https://www.personality-database.com/profile/19422/judi-dench-actresses-british-isles-mbti-personality-type,,,,,,,,,,,,,,,7,
Fe,Si,,100%,100%,Ne,100%,,0%,0%,,100%,100%,0%,,Ti,,/images/profile_transparent.png,Julie Walters,https://www.personality-database.com/profile/22534/julie-walters-actresses-british-isles-mbti-personality-type,,,,,,,,,,,,,1,,,
Ne,Fi,,100%,100%,Te,,100%,100%,0%,100%,,0%,0%,,Si,,/images/profile_transparent.png,Juno Temple,https://www.personality-database.com/profile/22630/juno-temple-actresses-british-isles-mbti-personality-type,,,,,,,,,,1,,,,,,
Ne,Fi,,100%,100%,Te,,100%,100%,0%,100%,,0%,0%,,Si,,https://api.personality-database.com/profile_images/11801.png,Karen Gillan,https://www.personality-database.com/profile/11801/karen-gillan-actresses-british-isles-mbti-personality-type,,,,,,,,,,22,,,,,,
Fe,Ni,,100%,86%,Se,100%,71%,71%,0%,,,29%,0%,,Ti,,https://api.personality-database.com/profile_images/28277.png,Kate Beckinsale,https://www.personality-database.com/profile/28277/kate-beckinsale-actresses-british-isles-mbti-personality-type,,,,,1,,,,5,,,,1,,,
Ni,Fe,90%,100%,,Ti,90%,100%,100%,0%,,,0%,0%,,Se,,https://api.personality-database.com/profile_images/462.png,Kate Winslet,https://www.personality-database.com/profile/462/kate-winslet-actresses-british-isles-mbti-personality-type,23,3,,,,,,,3,,,,,,,
Fe,Si,,100%,100%,Ne,100%,,0%,0%,,100%,100%,0%,,Ti,,https://api.personality-database.com/profile_images/24153.png,Katherine Parkinson,https://www.personality-database.com/profile/24153/katherine-parkinson-actresses-british-isles-mbti-personality-type,,,,,,,,,,,,,1,,,
Fi,Fi,,100%,,Te,,,25%,0%,100%,75%,0%,75%,,Ni,50%,/images/profile_transparent.png,Kaya Scodelario,https://www.personality-database.com/profile/25484/kaya-scodelario-actresses-british-isles-mbti-personality-type,,1,,,,1,,,,,,,,2,,
Fi,Ne,100%,100%,,Si,,90%,90%,0%,87%,,7%,3%,,Te,,https://api.personality-database.com/profile_images/979.png,Keira Knightley,https://www.personality-database.com/profile/979/keira-knightley-actresses-british-isles-mbti-personality-type,2,25,,,2,1,,,,,,,,,,
Ni,Te,100%,,,Fi,100%,100%,0%,100%,,,0%,0%,100%,Se,,https://api.personality-database.com/profile_images/19099.png,Kelly Macdonald,https://www.personality-database.com/profile/19099/kelly-macdonald-actresses-british-isles-mbti-personality-type,,,1,,,,,,,,,,,,,
Fi,Ne,100%,100%,,Si,,100%,100%,0%,100%,,0%,0%,,Te,,https://api.personality-database.com/profile_images/20092.png,Kelly Osbourne,https://www.personality-database.com/profile/20092/kelly-osbourne-actresses-british-isles-mbti-personality-type,,2,,,,,,,,,,,,,,
Fe,Si,,100%,100%,Ne,100%,,0%,0%,,100%,100%,0%,,Ti,,/images/profile_transparent.png,Kelly Reilly,https://www.personality-database.com/profile/24211/kelly-reilly-actresses-british-isles-mbti-personality-type,,,,,,,,,,,,,1,,,
Fe,Si,,100%,100%,Ne,100%,,0%,0%,,100%,100%,0%,,Ti,,/images/profile_transparent.png,Laura Haddock,https://www.personality-database.com/profile/25497/laura-haddock-actresses-british-isles-mbti-personality-type,,,,,,,,,,,,,1,,,
Ti,Ne,92%,,,Si,,92%,46%,46%,100%,,0%,8%,54%,Fe,,https://api.personality-database.com/profile_images/21868.png,Lena Headey,https://www.personality-database.com/profile/21868/lena-headey-actresses-british-isles-mbti-personality-type,,5,,6,,,,1,,1,,,,,,
Fe,Ni,,100%,100%,Se,100%,100%,100%,0%,,,0%,0%,,Ti,,https://api.personality-database.com/profile_images/6467.png,Lena Olin,https://www.personality-database.com/profile/6467/lena-olin-actresses-british-isles-mbti-personality-type,,,,,,,,,1,,,,,,,
Fe,Ni,,100%,84%,Se,71%,90%,90%,0%,,,3%,6%,,Ti,,https://api.personality-database.com/profile_images/15881.png,Lily Collins,https://www.personality-database.com/profile/15881/lily-collins-actresses-british-isles-mbti-personality-type,,5,,,,,,,21,2,,,1,2,,
Fe,Si,,100%,80%,Ne,80%,,10%,0%,,90%,80%,10%,,Ti,,https://api.personality-database.com/profile_images/9949.png,Lily James,https://www.personality-database.com/profile/9949/lily-james-actresses-british-isles-mbti-personality-type,,1,,,,1,,,,,,,8,,,
Fe,Si,,100%,100%,Ne,100%,,0%,0%,,100%,100%,0%,,Ti,,https://api.personality-database.com/profile_images/20280.png,Lucy Boynton,https://www.personality-database.com/profile/20280/lucy-boynton-actresses-british-isles-mbti-personality-type,,,,,,,,,,,,,3,,,
Fi,Ne,100%,92%,,Si,,83%,83%,0%,100%,,0%,17%,,Te,,https://api.personality-database.com/profile_images/16715.png,Maisie Williams,https://www.personality-database.com/profile/16715/maisie-williams-actresses-british-isles-mbti-personality-type,,20,,,,2,,2,,,,,,,,
Ne,Fi,,100%,100%,Te,,100%,100%,0%,100%,,0%,0%,,Si,,/images/profile_transparent.png,Mia Goth,https://www.personality-database.com/profile/20267/mia-goth-actresses-british-isles-mbti-personality-type,,,,,,,,,,1,,,,,,
Si,Fe,94%,97%,,Ti,91%,,9%,0%,,91%,86%,6%,,Ne,,https://api.personality-database.com/profile_images/8971.png,Millie Bobby Brown,https://www.personality-database.com/profile/8971/millie-bobby-brown-actresses-british-isles-mbti-personality-type,,1,,,29,2,1,,2,,,,,,,
Si,Fe,100%,100%,,Ti,100%,,0%,0%,,100%,100%,0%,,Ne,,/images/profile_transparent.png,Naomi Scott,https://www.personality-database.com/profile/41006/naomi-scott-actresses-british-isles-mbti-personality-type,,,,,1,,,,,,,,,,,
Fe,Si,,100%,100%,Ne,100%,,0%,0%,,100%,100%,0%,,Ti,,https://api.personality-database.com/profile_images/1031.png,Naomi Watts,https://www.personality-database.com/profile/1031/naomi-watts-actresses-british-isles-mbti-personality-type,,,,,,,,,,,,,12,,,
Fe,Si,,100%,100%,Ne,100%,,0%,0%,,100%,100%,0%,,Ti,,/images/profile_transparent.png,Nathalie Emmanuel,https://www.personality-database.com/profile/25495/nathalie-emmanuel-actresses-british-isles-mbti-personality-type,,,,,,,,,,,,,5,,,
Si,Fe,100%,100%,,Ti,100%,,0%,0%,,100%,100%,0%,,Ne,,https://api.personality-database.com/profile_images/28206.png,Olivia Colman,https://www.personality-database.com/profile/28206/olivia-colman-actresses-british-isles-mbti-personality-type,,,,,3,,,,,,,,,,,
Fi,Ne,100%,100%,,Si,,100%,100%,0%,100%,,0%,0%,,Te,,https://api.personality-database.com/profile_images/12335.png,Olivia Cooke,https://www.personality-database.com/profile/12335/olivia-cooke-actresses-british-isles-mbti-personality-type,,1,,,,,,,,,,,,,,
Si,Fe,100%,100%,,Ti,100%,,0%,0%,,100%,100%,0%,,Ne,,/images/profile_transparent.png,Patsy Kensit,https://www.personality-database.com/profile/22603/patsy-kensit-actresses-british-isles-mbti-personality-type,,,,,1,,,,,,,,,,,
Ne,Fi,,100%,77%,Te,,100%,100%,0%,77%,,0%,0%,,Si,,https://api.personality-database.com/profile_images/11800.png,Rachel Weisz,https://www.personality-database.com/profile/11800/rachel-weisz-actresses-british-isles-mbti-personality-type,2,1,,,,,,,1,9,,,,,,
Se,Fi,,100%,100%,Te,,,0%,0%,100%,100%,0%,100%,,Ni,,https://api.personality-database.com/profile_images/25492.png,Rebecca Ferguson,https://www.personality-database.com/profile/25492/rebecca-ferguson-actors-actresses-europe-mbti-personality-type,,,,,,,,,,,,,,3,,
Fe,Si,,88%,100%,Ne,100%,,13%,13%,,75%,75%,0%,,Ti,,https://api.personality-database.com/profile_images/16720.png,Rosamund Pike,https://www.personality-database.com/profile/16720/rosamund-pike-actresses-british-isles-mbti-personality-type,,,,,,,,,1,,1,,6,,,
Fe,Si,,100%,100%,Ne,100%,,0%,0%,,100%,100%,0%,,Ti,,/images/profile_transparent.png,Rose Leslie,https://www.personality-database.com/profile/37244/rose-leslie-actresses-british-isles-mbti-personality-type,,,,,,,,,,,,,4,,,
Si,Fe,100%,100%,,Ti,100%,,0%,0%,,100%,100%,0%,,Ne,,/images/profile_transparent.png,Ruthie Henshall,https://www.personality-database.com/profile/19354/ruthie-henshall-actresses-british-isles-mbti-personality-type,,,,,1,,,,,,,,,,,
Ne,Fi,,100%,100%,Te,,100%,100%,0%,100%,,0%,0%,,Si,,https://api.personality-database.com/profile_images/16933.png,Sally Hawkins,https://www.personality-database.com/profile/16933/sally-hawkins-actresses-british-isles-mbti-personality-type,,,,,,,,,,10,,,,,,
Ni,Fe,100%,100%,,Ti,100%,100%,100%,0%,,,0%,0%,,Se,,https://api.personality-database.com/profile_images/12334.png,Sienna Miller,https://www.personality-database.com/profile/12334/sienna-miller-actresses-british-isles-mbti-personality-type,1,,,,,,,,,,,,,,,
Fi,Se,96%,100%,,Ni,,,8%,0%,88%,92%,4%,88%,,Te,,https://api.personality-database.com/profile_images/16716.png,Sophie Turner,https://www.personality-database.com/profile/16716/sophie-turner-actresses-british-isles-mbti-personality-type,2,,,,1,22,,,,,,,,1,,
Fi,Fi,,100%,,Si,,100%,100%,0%,100%,,0%,0%,,Si,50%,/images/profile_transparent.png,Sue Perkins,https://www.personality-database.com/profile/22510/sue-perkins-actresses-british-isles-mbti-personality-type,,1,,,,,,,,1,,,,,,
Fe,Ni,,87%,100%,Se,87%,100%,87%,13%,,,0%,0%,,Ti,,https://api.personality-database.com/profile_images/20268.png,Tilda Swinton,https://www.personality-database.com/profile/20268/tilda-swinton-actresses-british-isles-mbti-personality-type,,,,,,,,,13,,,2,,,,
Fe,Ni,,100%,100%,Se,100%,100%,100%,0%,,,0%,0%,,Ti,,https://api.personality-database.com/profile_images/32338.png,Tuppence Middleton,https://www.personality-database.com/profile/32338/tuppence-middleton-actresses-british-isles-mbti-personality-type,,,,,,,,,1,,,,,,,
Fe,Si,,67%,100%,Ne,67%,,0%,0%,,100%,67%,33%,,Ti,,/images/profile_transparent.png,Vanessa Kirby,https://www.personality-database.com/profile/25486/vanessa-kirby-actresses-british-isles-mbti-personality-type,,,,,,,,,,,,,2,,,1
Ne,Fi,,92%,98%,Te,,89%,83%,6%,85%,,4%,7%,,Si,,https://api.personality-database.com/profile_images/2484.png,Keanu Reeves,https://www.personality-database.com/profile/2484/keanu-reeves-actors-actresses-canada-mbti-personality-type,1,,,,1,,,1,15,131,3,8,5,10,1,1
Ti,Ne,97%,,,Si,,92%,3%,89%,97%,,0%,8%,90%,Fe,,https://api.personality-database.com/profile_images/2310.png,Ryan Reynolds,https://www.personality-database.com/profile/2310/ryan-reynolds-actors-actresses-canada-mbti-personality-type,,,,65,,5,,1,2,,,,,,,
Se,Fi,,77%,100%,Te,,,8%,19%,77%,73%,0%,73%,,Ni,,https://api.personality-database.com/profile_images/6483.png,Ryan Gosling,https://www.personality-database.com/profile/6483/ryan-gosling-actors-actresses-canada-mbti-personality-type,,,,,,,,,1,1,5,,,18,,1
Fi,Ne,94%,75%,,Si,,97%,72%,25%,90%,,0%,3%,,Te,,https://api.personality-database.com/profile_images/566.png,Jim Carrey,https://www.personality-database.com/profile/566/jim-carrey-actors-actresses-canada-mbti-personality-type,2,73,7,16,,3,,,,2,2,2,,,,
Ne,Fi,,100%,100%,Te,,100%,100%,0%,100%,,0%,0%,,Si,,https://api.personality-database.com/profile_images/35138.png,Anna Paquin,https://www.personality-database.com/profile/35138/anna-paquin-actors-actresses-oceania-mbti-personality-type,,,,,,,,,,3,,,,,,
Ne,Ti,,,100%,Fe,,80%,0%,80%,90%,,10%,10%,100%,Si,,https://api.personality-database.com/profile_images/20090.png,Carrie-Anne Moss,https://www.personality-database.com/profile/20090/carrieanne-moss-actors-actresses-canada-mbti-personality-type,,,,,,,,,,,,8,,,1,1
Fe,Ni,,71%,100%,Se,100%,86%,71%,14%,,,14%,0%,,Ti,,https://api.personality-database.com/profile_images/35136.png,Christopher Plummer,https://www.personality-database.com/profile/35136/christopher-plummer-people-of-classic-hollywood-mbti-personality-type,,,,,,,,,5,,1,,,,1,
Ni,Te,100%,,,Fi,100%,100%,0%,100%,,,0%,0%,100%,Se,,/images/profile_transparent.png,Cobie Smulders,https://www.personality-database.com/profile/36935/cobie-smulders-actors-actresses-canada-mbti-personality-type,,,4,,,,,,,,,,,,,
Ni,Fe,100%,100%,,Ti,100%,100%,100%,0%,,,0%,0%,,Se,,/images/profile_transparent.png,Eric McCormack,https://www.personality-database.com/profile/22593/eric-mccormack-actors-actresses-canada-mbti-personality-type,1,,,,,,,,,,,,,,,
Fe,Ni,,93%,86%,Se,86%,86%,79%,7%,,,7%,7%,,Ti,,https://api.personality-database.com/profile_images/6485.png,Evangeline Lilly,https://www.personality-database.com/profile/6485/evangeline-lilly-actors-actresses-canada-mbti-personality-type,,,,1,1,,,,11,,,,,1,,
Ti,Ne,97%,,,Si,,84%,36%,48%,98%,,0%,16%,62%,Fe,,https://api.personality-database.com/profile_images/20948.png,Finn Wolfhard,https://www.personality-database.com/profile/20948/finn-wolfhard-actors-actresses-canada-mbti-personality-type,,21,,28,,1,,9,1,,,1,,,,
Se,Ti,,,100%,Fe,,,0%,0%,100%,100%,0%,100%,83%,Ni,,https://api.personality-database.com/profile_images/931.png,Hayden Christensen,https://www.personality-database.com/profile/931/hayden-christensen-actors-actresses-canada-mbti-personality-type,,,,,,,,,,,,,,2,,10
Fe,Ni,,100%,100%,Se,100%,100%,100%,0%,,,0%,0%,,Ti,,https://api.personality-database.com/profile_images/16941.png,Jennifer Hale,https://www.personality-database.com/profile/16941/jennifer-hale-actresses-usa-mbti-personality-type,,,,,,,,,1,,,,,,,
Se,Ti,,,100%,Fe,,,0%,0%,100%,100%,0%,100%,100%,Ni,,/images/profile_transparent.png,Jill Hennessy,https://www.personality-database.com/profile/22542/jill-hennessy-actors-actresses-canada-mbti-personality-type,,,,,,,,,,,,,,,,1
Fi,Se,100%,100%,,Ni,,,0%,0%,100%,100%,0%,100%,,Te,,/images/profile_transparent.png,Joanne Kelly,https://www.personality-database.com/profile/46829/joanne-kelly-actors-actresses-canada-mbti-personality-type,,,,,,1,,,,,,,,,,
Fi,Ne,100%,75%,,Si,,100%,75%,25%,100%,,0%,0%,,Te,,https://api.personality-database.com/profile_images/2805.png,John Candy,https://www.personality-database.com/profile/2805/john-candy-actors-actresses-canada-mbti-personality-type,,6,,2,,,,,,,,,,,,
Ti,Se,100%,,,Ni,,,0%,0%,100%,100%,0%,100%,100%,Fe,,https://api.personality-database.com/profile_images/10171.png,Katheryn Winnick,https://www.personality-database.com/profile/10171/katheryn-winnick-actors-actresses-canada-mbti-personality-type,,,,,,,,7,,,,,,,,
Si,Te,100%,,,Fi,100%,,0%,0%,,100%,100%,0%,100%,Ne,,https://api.personality-database.com/profile_images/22613.png,Kiefer Sutherland,https://www.personality-database.com/profile/22613/kiefer-sutherland-actors-actresses-canada-mbti-personality-type,,,,,,,6,,,,,,,,,
Fe,Si,,100%,100%,Ne,100%,,0%,0%,,100%,100%,0%,,Ti,,/images/profile_transparent.png,Laura Bertram,https://www.personality-database.com/profile/22532/laura-bertram-actors-actresses-canada-mbti-personality-type,,,,,,,,,,,,,1,,,
Fi,Se,100%,100%,,Ni,,,0%,0%,100%,100%,0%,100%,,Te,,https://api.personality-database.com/profile_images/49417.png,Leslie Nielsen,https://www.personality-database.com/profile/49417/leslie-nielsen-actors-actresses-canada-mbti-personality-type,,,,,,1,,,,,,,,,,
Ti,Ne,100%,,,Si,,100%,0%,100%,100%,,0%,0%,100%,Fe,,/images/profile_transparent.png,Mackenzie Davis,https://www.personality-database.com/profile/22627/mackenzie-davis-actors-actresses-canada-mbti-personality-type,,,,1,,,,,,,,,,,,
Ni,Te,100%,,,Fi,100%,100%,0%,100%,,,0%,0%,100%,Se,,https://api.personality-database.com/profile_images/11749.png,Michael Ironside,https://www.personality-database.com/profile/11749/michael-ironside-actors-actresses-canada-mbti-personality-type,,,3,,,,,,,,,,,,,
Ti,Se,100%,,,Ni,,,0%,0%,100%,100%,0%,100%,100%,Fe,,https://api.personality-database.com/profile_images/8913.png,Michael J. Fox,https://www.personality-database.com/profile/8913/michael-j-fox-actors-actresses-canada-mbti-personality-type,,,,,,,,10,,,,,,,,
Fi,Se,100%,100%,,Ni,,,0%,0%,100%,100%,0%,100%,,Te,,https://api.personality-database.com/profile_images/10456.png,Michael Mando,https://www.personality-database.com/profile/10456/michael-mando-actors-actresses-canada-mbti-personality-type,,,,,,3,,,,,,,,,,
Fi,Ne,100%,100%,,Si,,85%,85%,0%,100%,,0%,15%,,Te,,https://api.personality-database.com/profile_images/8843.png,Mike Myers,https://www.personality-database.com/profile/8843/mike-myers-actors-actresses-canada-mbti-personality-type,,11,,,,2,,,,,,,,,,
Ni,Fe,69%,100%,,Ti,63%,81%,81%,0%,,,6%,13%,,Se,,https://api.personality-database.com/profile_images/19312.png,Nina Dobrev,https://www.personality-database.com/profile/19312/nina-dobrev-actors-actresses-canada-mbti-personality-type,8,,,,1,2,,,1,4,,,,,,
Se,Se,63%,63%,,Ni,,,0%,0%,100%,100%,0%,100%,,Fe,,https://api.personality-database.com/profile_images/16772.png,Pamela Anderson,https://www.personality-database.com/profile/16772/pamela-anderson-actors-actresses-canada-mbti-personality-type,,,,,,2,,3,,,,,,3,,
Ne,Fi,,100%,100%,Te,,100%,100%,0%,100%,,0%,0%,,Si,,https://api.personality-database.com/profile_images/11760.png,Peter Cullen,https://www.personality-database.com/profile/11760/peter-cullen-actors-actresses-canada-mbti-personality-type,,,,,,,,,,1,,,,,,
Fe,Si,,100%,85%,Ne,100%,,8%,0%,,92%,92%,0%,,Ti,,https://api.personality-database.com/profile_images/6486.png,Rachel McAdams,https://www.personality-database.com/profile/6486/rachel-mcadams-actors-actresses-canada-mbti-personality-type,1,,,,1,,,,,,,,11,,,
Ti,Ne,71%,,,Si,,100%,0%,100%,100%,,0%,0%,100%,Fe,,https://api.personality-database.com/profile_images/4758.png,Rick Moranis,https://www.personality-database.com/profile/4758/rick-moranis-actors-actresses-canada-mbti-personality-type,,,,10,,,,,,,,4,,,,
Ni,Te,83%,,,Fi,83%,83%,33%,50%,,,17%,0%,,Se,50%,/images/profile_transparent.png,Sandra Oh,https://www.personality-database.com/profile/23762/sandra-oh-actors-actresses-canada-mbti-personality-type,1,,3,,1,,,,,1,,,,,,
Ne,Ti,,,100%,Fe,,75%,0%,75%,100%,,0%,25%,75%,Si,,https://api.personality-database.com/profile_images/11097.png,Sarah Gadon,https://www.personality-database.com/profile/11097/sarah-gadon-actors-actresses-canada-mbti-personality-type,,,,,,,,,,,,3,,1,,
Se,Fi,,100%,100%,Te,,,0%,0%,100%,100%,0%,100%,,Ni,,/images/profile_transparent.png,Sarah Polley,https://www.personality-database.com/profile/22619/sarah-polley-actors-actresses-canada-mbti-personality-type,,,,,,,,,,,,,,1,,
Fi,Fe,100%,100%,,Ni,,,0%,0%,,100%,50%,50%,,Ne,50%,https://api.personality-database.com/profile_images/19315.png,Shay Mitchell,https://www.personality-database.com/profile/19315/shay-mitchell-actors-actresses-canada-mbti-personality-type,,,,,3,3,,,,,,,,,,
Fi,Ne,100%,100%,,Si,,100%,100%,0%,100%,,0%,0%,,Te,,/images/profile_transparent.png,Tara Strong,https://www.personality-database.com/profile/41161/tara-strong-actors-actresses-canada-mbti-personality-type,,1,,,,,,,,,,,,,,
Fi,Ne,100%,100%,,Si,,100%,100%,0%,100%,,0%,0%,,Te,,/images/profile_transparent.png,Tom Cavanagh,https://www.personality-database.com/profile/22639/tom-cavanagh-actors-actresses-canada-mbti-personality-type,,1,,,,,,,,,,,,,,
Fi,Ne,100%,100%,,Si,,86%,86%,0%,100%,,0%,14%,,Te,,https://api.personality-database.com/profile_images/22608.png,Tom Green,https://www.personality-database.com/profile/22608/tom-green-actors-actresses-canada-mbti-personality-type,,6,,,,1,,,,,,,,,,
Fi,Se,100%,100%,,Ni,,,0%,0%,100%,100%,0%,100%,,Te,,https://api.personality-database.com/profile_images/16696.png,Vanessa Morgan,https://www.personality-database.com/profile/16696/vanessa-morgan-actors-actresses-canada-mbti-personality-type,,,,,,2,,,,,,,,,,
Fe,Ni,,83%,85%,Se,100%,100%,83%,17%,,,0%,0%,,Ti,,https://api.personality-database.com/profile_images/1021.png,Cate Blanchett,https://www.personality-database.com/profile/1021/cate-blanchett-actors-actresses-oceania-mbti-personality-type,4,,3,,,,,,36,,5,,,,,
Ti,Se,97%,,,Ni,,,3%,0%,97%,97%,3%,94%,75%,Fe,,https://api.personality-database.com/profile_images/1034.png,Chris Hemsworth,https://www.personality-database.com/profile/1034/chris-hemsworth-actors-actresses-oceania-mbti-personality-type,,1,,,1,6,,27,,,,,,1,,
Ne,Fi,,98%,96%,Te,,88%,86%,2%,98%,,0%,12%,,Si,,https://api.personality-database.com/profile_images/962.png,Heath Ledger,https://www.personality-database.com/profile/962/heath-ledger-actors-actresses-oceania-mbti-personality-type,,1,,1,,,,,1,47,,,,7,,
Si,Fe,100%,90%,,Ti,93%,,3%,3%,,93%,90%,3%,,Ne,,https://api.personality-database.com/profile_images/995.png,Hugh Jackman,https://www.personality-database.com/profile/995/hugh-jackman-actors-actresses-oceania-mbti-personality-type,1,,,1,26,,1,1,,,,,,,,
Te,Ni,,,97%,Se,97%,95%,5%,89%,,,3%,3%,92%,Fi,,https://api.personality-database.com/profile_images/3145.png,Russell Crowe,https://www.personality-database.com/profile/3145/russell-crowe-actors-actresses-oceania-mbti-personality-type,,,,,,1,,,2,,33,,,,1,
Fe,Ni,,87%,97%,Se,90%,60%,60%,0%,,,30%,10%,,Ti,,https://api.personality-database.com/profile_images/6258.png,Nicole Kidman,https://www.personality-database.com/profile/6258/nicole-kidman-actors-actresses-oceania-mbti-personality-type,,,,,1,,,,18,,,,4,3,4,
Si,Fe,100%,96%,,Ti,85%,,0%,0%,,100%,85%,15%,,Ne,,https://api.personality-database.com/profile_images/9259.png,Margot Robbie,https://www.personality-database.com/profile/9259/margot-robbie-actors-actresses-oceania-mbti-personality-type,,,,,22,3,,1,,,,,,,,
Ne,Fi,,92%,100%,Te,,100%,92%,8%,92%,,0%,0%,,Si,,https://api.personality-database.com/profile_images/963.png,Mia Wasikowska,https://www.personality-database.com/profile/963/mia-wasikowska-actors-actresses-oceania-mbti-personality-type,,,,,,,,,,22,2,,,,,
Se,Ti,,,100%,Fe,,,0%,0%,100%,100%,0%,100%,71%,Ni,,https://api.personality-database.com/profile_images/16703.png,Adelaide Kane,https://www.personality-database.com/profile/16703/adelaide-kane-actors-actresses-oceania-mbti-personality-type,,,,,,,,,,,,,,2,,5
Se,Fi,,71%,100%,Te,,,0%,29%,71%,71%,0%,71%,,Ni,,https://api.personality-database.com/profile_images/19289.png,Alycia Debnam-Carey,https://www.personality-database.com/profile/19289/alycia-debnamcarey-actors-actresses-oceania-mbti-personality-type,,,,,,,,,,,2,,,5,,
Ne,Fi,,100%,100%,Te,,100%,100%,0%,100%,,0%,0%,,Si,,https://api.personality-database.com/profile_images/35138.png,Anna Paquin,https://www.personality-database.com/profile/35138/anna-paquin-actors-actresses-oceania-mbti-personality-type,,,,,,,,,,3,,,,,,
Fe,Ni,,100%,100%,Se,100%,100%,100%,0%,,,0%,0%,,Ti,,https://api.personality-database.com/profile_images/29715.png,Anna Torv,https://www.personality-database.com/profile/29715/anna-torv-actors-actresses-oceania-mbti-personality-type,,,,,,,,,2,,,,,,,
Fi,Ne,100%,100%,,Si,,80%,80%,0%,100%,,0%,20%,,Te,,https://api.personality-database.com/profile_images/35139.png,Ben Mendelsohn,https://www.personality-database.com/profile/35139/ben-mendelsohn-actors-actresses-oceania-mbti-personality-type,,4,,,,1,,,,,,,,,,
Ne,Fi,,100%,100%,Te,,100%,100%,0%,100%,,0%,0%,,Si,,https://api.personality-database.com/profile_images/16706.png,Bob Morley,https://www.personality-database.com/profile/16706/bob-morley-actors-actresses-oceania-mbti-personality-type,,,,,,,,,,1,,,,,,
Ne,Fi,,100%,100%,Te,,100%,100%,0%,100%,,0%,0%,,Si,,https://api.personality-database.com/profile_images/19576.png,Cody Fern,https://www.personality-database.com/profile/19576/cody-fern-actors-actresses-oceania-mbti-personality-type,,,,,,,,,,3,,,,,,
Ni,Te,100%,,,Fi,100%,100%,0%,100%,,,0%,0%,100%,Se,,/images/profile_transparent.png,Dacre Montgomery,https://www.personality-database.com/profile/46670/dacre-montgomery-actors-actresses-oceania-mbti-personality-type,,,3,,,,,,,,,,,,,
Te,Si,,,75%,Ne,100%,,25%,0%,,75%,75%,0%,,Fi,50%,https://api.personality-database.com/profile_images/9938.png,Daniel Feuerriegel,https://www.personality-database.com/profile/9938/daniel-feuerriegel-actors-actresses-oceania-mbti-personality-type,,,,,1,,,,1,,,,,,2,
Te,Si,,,100%,Ne,100%,,0%,17%,,83%,83%,0%,100%,Fi,,https://api.personality-database.com/profile_images/16705.png,Eliza Taylor,https://www.personality-database.com/profile/16705/eliza-taylor-actors-actresses-oceania-mbti-personality-type,,,,,,,,,,,1,,,,5,
Ne,Fi,,100%,100%,Te,,100%,100%,0%,100%,,0%,0%,,Si,,https://api.personality-database.com/profile_images/22633.png,Elizabeth Debicki,https://www.personality-database.com/profile/22633/elizabeth-debicki-actors-actresses-oceania-mbti-personality-type,,,,,,,,,,7,,,,,,
Ni,Fe,100%,100%,,Ti,100%,100%,100%,0%,,,0%,0%,,Se,,/images/profile_transparent.png,Ellen Burbidge,https://www.personality-database.com/profile/40836/ellen-burbidge-actors-actresses-oceania-mbti-personality-type,1,,,,,,,,,,,,,,,
Se,Fi,,100%,100%,Te,,,29%,0%,71%,71%,0%,71%,,Ni,,https://api.personality-database.com/profile_images/22526.png,Emily Browning,https://www.personality-database.com/profile/22526/emily-browning-actors-actresses-oceania-mbti-personality-type,,,,,,,,,2,,,,,5,,
Fi,Ne,100%,100%,,Si,,100%,100%,0%,100%,,0%,0%,,Te,,https://api.personality-database.com/profile_images/10158.png,Eric Bana,https://www.personality-database.com/profile/10158/eric-bana-actors-actresses-oceania-mbti-personality-type,,5,,,,,,,,,,,,,,
Se,Fi,,100%,100%,Te,,,25%,0%,100%,75%,0%,75%,,Ni,,https://api.personality-database.com/profile_images/35907.png,Guy Pearce,https://www.personality-database.com/profile/35907/guy-pearce-actors-actresses-oceania-mbti-personality-type,,,,,,,,,,1,,,,3,,
Fi,Ne,100%,100%,,Si,,100%,100%,0%,100%,,0%,0%,,Te,,https://api.personality-database.com/profile_images/16712.png,Katherine Langford,https://www.personality-database.com/profile/16712/katherine-langford-actors-actresses-oceania-mbti-personality-type,,9,,,,,,,,,,,,,,
Se,Ti,,,100%,Fe,,,5%,0%,95%,95%,5%,89%,58%,Ni,,https://api.personality-database.com/profile_images/1036.png,Liam Hemsworth,https://www.personality-database.com/profile/1036/liam-hemsworth-actors-actresses-oceania-mbti-personality-type,,,,,,,,,,1,,,1,6,,11
Fe,Ni,,100%,100%,Se,100%,100%,100%,0%,,,0%,0%,,Ti,,/images/profile_transparent.png,Maeve Dermondy,https://www.personality-database.com/profile/39946/maeve-dermondy-actors-actresses-oceania-mbti-personality-type,,,,,,,,,1,,,,,,,
Te,Si,,,100%,Ne,100%,,0%,0%,,100%,100%,0%,100%,Fi,,/images/profile_transparent.png,Paul Hogan,https://www.personality-database.com/profile/22554/paul-hogan-actors-actresses-oceania-mbti-personality-type,,,,,,,,,,,,,,,2,
Se,Fi,,100%,83%,Te,,,17%,0%,83%,83%,17%,67%,,Ni,,https://api.personality-database.com/profile_images/19313.png,Phoebe Tonkin,https://www.personality-database.com/profile/19313/phoebe-tonkin-actors-actresses-oceania-mbti-personality-type,,1,,,,,,,,,,,1,4,,
Fi,Se,100%,100%,,Ni,,,0%,0%,100%,100%,0%,100%,,Te,,https://api.personality-database.com/profile_images/34493.png,Rebel Wilson,https://www.personality-database.com/profile/34493/rebel-wilson-actors-actresses-oceania-mbti-personality-type,,,,,,11,,,,,,,,,,
Fe,Si,,100%,100%,Ne,100%,,0%,0%,,100%,100%,0%,,Ti,,https://api.personality-database.com/profile_images/20848.png,Rose Byrne,https://www.personality-database.com/profile/20848/rose-byrne-actors-actresses-oceania-mbti-personality-type,,,,,,,,,,,,,8,,,
Se,Ti,,,100%,Fe,,,33%,0%,100%,67%,0%,67%,67%,Ni,,/images/profile_transparent.png,Ruby Rose,https://www.personality-database.com/profile/36987/ruby-rose-actors-actresses-oceania-mbti-personality-type,,,,,,,,,,1,,,,,,2
Se,Fi,,100%,100%,Te,,,0%,0%,100%,100%,0%,100%,,Ni,,https://api.personality-database.com/profile_images/33334.png,Teagan Croft,https://www.personality-database.com/profile/33334/teagan-croft-actors-actresses-oceania-mbti-personality-type,,,,,,,,,,,,,,1,,
Fi,Ne,100%,100%,,Si,,100%,100%,0%,100%,,0%,0%,,Te,,https://api.personality-database.com/profile_images/11734.png,Teresa Palmer,https://www.personality-database.com/profile/11734/teresa-palmer-actors-actresses-oceania-mbti-personality-type,,3,,,,,,,,,,,,,,
Fe,Si,,100%,100%,Ne,100%,,0%,0%,,100%,100%,0%,,Ti,,/images/profile_transparent.png,Thomasin McKenzie,https://www.personality-database.com/profile/20852/thomasin-mckenzie-actors-actresses-oceania-mbti-personality-type,,,,,,,,,,,,,1,,,
Se,Ti,,,100%,Fe,,,0%,0%,100%,100%,0%,100%,100%,Ni,,https://api.personality-database.com/profile_images/22620.png,Toni Collette,https://www.personality-database.com/profile/22620/toni-collette-actors-actresses-oceania-mbti-personality-type,,,,,,,,,,,,,,,,4
Te,Ni,,,100%,Se,100%,100%,0%,100%,,,0%,0%,100%,Fi,,https://api.personality-database.com/profile_images/11754.png,Travis Fimmel,https://www.personality-database.com/profile/11754/travis-fimmel-actors-actresses-oceania-mbti-personality-type,,,,,,,,,,,1,,,,,
Se,Ti,,,97%,Fe,,,1%,8%,96%,91%,1%,89%,97%,Ni,,https://api.personality-database.com/profile_images/1040.png,Bruce Lee,https://www.personality-database.com/profile/1040/bruce-lee-actors-actresses-asia-mbti-personality-type,,,,2,,,,,1,,1,3,,1,1,66
Fi,Ne,100%,100%,,Si,,71%,71%,0%,96%,,4%,25%,,Te,,https://api.personality-database.com/profile_images/9708.png,Jackie Chan,https://www.personality-database.com/profile/9708/jackie-chan-actors-actresses-asia-mbti-personality-type,,20,,,1,7,,,,,,,,,,
Ni,Fe,67%,67%,,Ti,67%,67%,67%,0%,,,0%,33%,,Se,,https://api.personality-database.com/profile_images/32341.png,Jet Li,https://www.personality-database.com/profile/32341/jet-li-actors-actresses-asia-mbti-personality-type,4,,,,,,,,,,,,,,,2
Fe,Ni,,,100%,Fe,,,50%,0%,,,0%,50%,,Ni,50%,/images/profile_transparent.png,Aamir Khan,https://www.personality-database.com/profile/35763/aamir-khan-actors-actresses-asia-mbti-personality-type,,,,,,,,,1,,,,,,,1
Se,Ti,,,100%,Fe,,,0%,0%,100%,100%,0%,100%,100%,Ni,,https://api.personality-database.com/profile_images/34202.png,Ai Hashimoto,https://www.personality-database.com/profile/34202/ai-hashimoto-actors-actresses-asia-mbti-personality-type,,,,,,,,,,,,,,,,1
Fi,Ne,100%,100%,,Si,,100%,100%,0%,100%,,0%,0%,,Te,,/images/profile_transparent.png,Akshay Kumar,https://www.personality-database.com/profile/49861/akshay-kumar-actors-actresses-asia-mbti-personality-type,,2,,,,,,,,,,,,,,
Fi,Ne,100%,100%,,Si,,100%,100%,0%,100%,,0%,0%,,Te,,https://api.personality-database.com/profile_images/33332.png,Aoi Morikawa,https://www.personality-database.com/profile/33332/aoi-morikawa-actors-actresses-asia-mbti-personality-type,,1,,,,,,,,,,,,,,
Se,Fi,,100%,100%,Te,,,0%,0%,100%,100%,0%,100%,,Ni,,/images/profile_transparent.png,Atene Faghihnasiri,https://www.personality-database.com/profile/28924/atene-faghihnasiri-actors-actresses-asia-mbti-personality-type,,,,,,,,,,,,,,2,,
Se,Fi,,100%,100%,Te,,,33%,0%,100%,67%,0%,67%,,Ni,,https://api.personality-database.com/profile_images/32337.png,Bae Doona,https://www.personality-database.com/profile/32337/bae-doona-actors-actresses-asia-mbti-personality-type,,,,,,,,,,1,,,,2,,
Se,Fi,,100%,100%,Te,,,0%,0%,100%,100%,0%,100%,,Ni,,https://api.personality-database.com/profile_images/34197.png,Bae Suzy,https://www.personality-database.com/profile/34197/bae-suzy-actors-actresses-asia-mbti-personality-type,,,,,,,,,,,,,,2,,
Se,Ti,,,100%,Fe,,,0%,0%,100%,100%,0%,100%,100%,Ni,,https://api.personality-database.com/profile_images/33460.png,Cary-Hiroyuki Tagawa,https://www.personality-database.com/profile/33460/caryhiroyuki-tagawa-actors-usa-mbti-personality-type,,,,,,,,,,,,,,,,4
Fi,Ne,100%,100%,,Si,,100%,100%,0%,75%,,0%,0%,,Te,,https://api.personality-database.com/profile_images/33457.png,Chow Yun-fat,https://www.personality-database.com/profile/33457/chow-yunfat-actors-actresses-asia-mbti-personality-type,1,3,,,,,,,,,,,,,,
Fe,Si,,100%,100%,Ne,67%,,33%,0%,,67%,67%,0%,,Ti,,https://api.personality-database.com/profile_images/31082.png,Deepika Padukone,https://www.personality-database.com/profile/31082/deepika-padukone-actors-actresses-asia-mbti-personality-type,,,,,,,,,,1,,,2,,,
Se,Fi,,100%,100%,Te,,,0%,0%,100%,100%,0%,100%,,Ni,,https://api.personality-database.com/profile_images/35083.png,Erika Sawajiri,https://www.personality-database.com/profile/35083/erika-sawajiri-actors-actresses-asia-mbti-personality-type,,,,,,,,,,,,,,2,,
Se,Fi,,100%,100%,Te,,,0%,0%,100%,100%,0%,100%,,Ni,,https://api.personality-database.com/profile_images/35084.png,Erika Toda,https://www.personality-database.com/profile/35084/erika-toda-actors-actresses-asia-mbti-personality-type,,,,,,,,,,,,,,2,,
Se,Fi,,100%,100%,Te,,,0%,0%,100%,100%,0%,100%,,Ni,,https://api.personality-database.com/profile_images/17378.png,Fan Bingbing,https://www.personality-database.com/profile/17378/fan-bingbing-actors-actresses-asia-mbti-personality-type,,,,,,,,,,,,,,3,,
Fe,Fi,,75%,75%,Te,,,50%,0%,75%,,0%,50%,,Fe,50%,https://api.personality-database.com/profile_images/43087.png,Fumi Nikaido,https://www.personality-database.com/profile/43087/fumi-nikaido-actors-actresses-asia-mbti-personality-type,,,,,,,,1,1,1,,,,1,,
Fe,Fi,,100%,100%,Se,,100%,100%,0%,,,0%,0%,,Si,50%,https://api.personality-database.com/profile_images/10985.png,Gong Li,https://www.personality-database.com/profile/10985/gong-li-actors-actresses-asia-mbti-personality-type,,,,,,,,,1,1,,,,,,
Se,Fi,,100%,100%,Te,,,0%,0%,100%,100%,0%,100%,,Ni,,/images/profile_transparent.png,Gong Yoo,https://www.personality-database.com/profile/44241/gong-yoo-actors-actresses-asia-mbti-personality-type,,,,,,,,,,,,,,1,,
Ni,Te,100%,,,Fi,100%,100%,0%,100%,,,0%,0%,100%,Se,,https://api.personality-database.com/profile_images/24258.png,Ha Jung Woo,https://www.personality-database.com/profile/24258/ha-jung-woo-actors-actresses-asia-mbti-personality-type,,,2,,,,,,,,,,,,,
Ti,Se,100%,,,Ni,,,0%,0%,100%,100%,0%,100%,100%,Fe,,https://api.personality-database.com/profile_images/34338.png,Hana Sugisaki,https://www.personality-database.com/profile/34338/hana-sugisaki-actors-actresses-asia-mbti-personality-type,,,,,,,,1,,,,,,,,
Ne,Fi,,100%,100%,Te,,100%,100%,0%,100%,,0%,0%,,Si,,https://api.personality-database.com/profile_images/35092.png,Haruka Ayase,https://www.personality-database.com/profile/35092/haruka-ayase-actors-actresses-asia-mbti-personality-type,,,,,,,,,,3,,,,,,
Se,Ti,,,100%,Fe,,,0%,0%,100%,100%,0%,100%,100%,Ni,,https://api.personality-database.com/profile_images/27830.png,Hikaru Midorikawa,https://www.personality-database.com/profile/27830/hikaru-midorikawa-actors-actresses-asia-mbti-personality-type,,,,,,,,,,,,,,,,1
Te,Si,,,100%,Ne,100%,,0%,0%,,100%,100%,0%,100%,Fi,,https://api.personality-database.com/profile_images/33468.png,Hiroyuki Sanada,https://www.personality-database.com/profile/33468/hiroyuki-sanada-actors-actresses-asia-mbti-personality-type,,,,,,,,,,,,,,,2,
Ne,Ti,,,100%,Fe,,67%,0%,67%,67%,,33%,0%,67%,Si,,https://api.personality-database.com/profile_images/10326.png,Ji Chang Wook,https://www.personality-database.com/profile/10326/ji-chang-wook-actors-actresses-asia-mbti-personality-type,,,,,,,,,,,,2,1,,,
Se,Fi,,100%,100%,Te,,,0%,0%,100%,100%,0%,100%,,Ni,,/images/profile_transparent.png,Jing Tian,https://www.personality-database.com/profile/20278/jing-tian-actors-actresses-asia-mbti-personality-type,,,,,,,,,,,,,,1,,
Fi,Ne,100%,100%,,Si,,100%,100%,0%,100%,,0%,0%,,Te,,/images/profile_transparent.png,Jyoti Amge,https://www.personality-database.com/profile/40838/jyoti-amge-actors-actresses-asia-mbti-personality-type,,1,,,,,,,,,,,,,,
Fi,Ne,100%,100%,,Si,,100%,100%,0%,100%,,0%,0%,,Te,,https://api.personality-database.com/profile_images/34344.png,Kana Hanazawa,https://www.personality-database.com/profile/34344/kana-hanazawa-actors-actresses-asia-mbti-personality-type,,1,,,,,,,,,,,,,,
Ti,Se,100%,,,Ni,,,0%,0%,100%,100%,0%,100%,100%,Fe,,/images/profile_transparent.png,Kareena Kapoor,https://www.personality-database.com/profile/35764/kareena-kapoor-actors-actresses-asia-mbti-personality-type,,,,,,,,1,,,,,,,,
Fe,Ni,,100%,100%,Se,100%,100%,100%,0%,,,0%,0%,,Ti,,https://api.personality-database.com/profile_images/43378.png,Kasumi Arimura,https://www.personality-database.com/profile/43378/kasumi-arimura-actors-actresses-asia-mbti-personality-type,,,,,,,,,1,,,,,,,
Te,Si,,,100%,Ne,100%,,0%,0%,,100%,100%,0%,100%,Fi,,https://api.personality-database.com/profile_images/35087.png,Keiko Kitagawa,https://www.personality-database.com/profile/35087/keiko-kitagawa-actors-actresses-asia-mbti-personality-type,,,,,,,,,,,,,,,1,
Fe,Ni,,100%,100%,Se,100%,100%,100%,0%,,,0%,0%,,Ti,,https://api.personality-database.com/profile_images/37646.png,Ken Watanabe,https://www.personality-database.com/profile/37646/ken-watanabe-actors-actresses-asia-mbti-personality-type,,,,,,,,,3,,,,,,,
Fe,Si,,100%,100%,Ne,100%,,0%,0%,,100%,100%,0%,,Ti,,https://api.personality-database.com/profile_images/43524.png,Kengo Kora,https://www.personality-database.com/profile/43524/kengo-kora-actors-actresses-asia-mbti-personality-type,,,,,,,,,,,,,1,,,
Se,Fi,,100%,100%,Te,,,0%,0%,100%,100%,0%,100%,,Ni,,https://api.personality-database.com/profile_images/26647.png,Kentaro Sakaguchi,https://www.personality-database.com/profile/26647/kentaro-sakaguchi-actors-actresses-asia-mbti-personality-type,,,,,,,,,,,,,,1,,
Ne,Fi,,100%,100%,Te,,86%,86%,0%,100%,,0%,14%,,Si,,https://api.personality-database.com/profile_images/14152.png,Kento Yamazaki,https://www.personality-database.com/profile/14152/kento-yamazaki-actors-actresses-asia-mbti-personality-type,,,,,,,,,,6,,,,1,,
Fi,Ne,100%,100%,,Ni,,,50%,0%,100%,,0%,50%,,Te,50%,https://api.personality-database.com/profile_images/34213.png,Kiko Mizuhara,https://www.personality-database.com/profile/34213/kiko-mizuhara-actors-actresses-asia-mbti-personality-type,,1,,,,1,,,,,,,,,,
Te,Ni,,,100%,Se,100%,100%,0%,100%,,,0%,0%,100%,Fi,,https://api.personality-database.com/profile_images/18670.png,Kim Bum,https://www.personality-database.com/profile/18670/kim-bum-actors-actresses-asia-mbti-personality-type,,,,,,,,,,,2,,,,,
Te,Ni,,,100%,Se,100%,75%,0%,75%,,,25%,0%,100%,Fi,,/images/profile_transparent.png,Kim Hyun-joong,https://www.personality-database.com/profile/18669/kim-hyunjoong-actors-actresses-asia-mbti-personality-type,,,,,,,,,,,3,,,,1,
Fe,Si,,100%,100%,Ne,100%,,0%,0%,,100%,100%,0%,,Ti,,/images/profile_transparent.png,Kim So Hyun,https://www.personality-database.com/profile/34195/kim-so-hyun-actors-actresses-asia-mbti-personality-type,,,,,,,,,,,,,1,,,
Fi,Ne,100%,100%,,Si,,100%,100%,0%,100%,,0%,0%,,Te,,/images/profile_transparent.png,Kim Yoo Jung,https://www.personality-database.com/profile/34196/kim-yoo-jung-actors-actresses-asia-mbti-personality-type,,1,,,,,,,,,,,,,,
Ti,Se,100%,,,Ni,,,0%,0%,100%,100%,0%,100%,100%,Fe,,/images/profile_transparent.png,Lee Jun Ki,https://www.personality-database.com/profile/44240/lee-jun-ki-actors-actresses-asia-mbti-personality-type,,,,,,,,1,,,,,,,,
Fe,Ni,,100%,100%,Se,100%,100%,100%,0%,,,0%,0%,,Ti,,https://api.personality-database.com/profile_images/34340.png,Lee Kwang Soo,https://www.personality-database.com/profile/34340/lee-kwang-soo-actors-actresses-asia-mbti-personality-type,,,,,,,,,1,,,,,,,
Te,Si,,,60%,Ne,60%,,40%,0%,,60%,60%,0%,60%,Fi,,/images/profile_transparent.png,Lee Min-ho,https://www.personality-database.com/profile/18668/lee-minho-actors-actresses-asia-mbti-personality-type,,2,,,,,,,,,,,,,3,
Si,Fe,100%,100%,,Ti,100%,,0%,0%,,100%,100%,0%,,Ne,,/images/profile_transparent.png,Lee Seung Gi,https://www.personality-database.com/profile/44243/lee-seung-gi-actors-actresses-asia-mbti-personality-type,,,,,1,,,,,,,,,,,
Fe,Si,,100%,100%,Ne,100%,,0%,0%,,100%,100%,0%,,Ti,,/images/profile_transparent.png,Liu Yifei,https://www.personality-database.com/profile/45156/liu-yifei-actors-actresses-asia-mbti-personality-type,,,,,,,,,,,,,1,,,
Te,Ni,,,100%,Se,100%,100%,0%,100%,,,0%,0%,100%,Fi,,/images/profile_transparent.png,Mako,https://www.personality-database.com/profile/22544/mako-actors-actresses-asia-mbti-personality-type,,,,,,,,,,,1,,,,,
Fi,Se,80%,80%,,Ni,,,20%,20%,60%,60%,0%,60%,,Te,,https://api.personality-database.com/profile_images/29815.png,Mamoru Miyano,https://www.personality-database.com/profile/29815/mamoru-miyano-actors-actresses-asia-mbti-personality-type,1,,,,,3,,,,,1,,,,,
Fi,Se,100%,100%,,Ni,,,0%,0%,100%,100%,0%,100%,,Te,,https://api.personality-database.com/profile_images/35089.png,Masaki Okada,https://www.personality-database.com/profile/35089/masaki-okada-actors-actresses-asia-mbti-personality-type,,,,,,1,,,,,,,,,,
Fe,Ni,,100%,100%,Se,100%,100%,100%,0%,,,0%,0%,,Ti,,https://api.personality-database.com/profile_images/14151.png,Masaki Suda,https://www.personality-database.com/profile/14151/masaki-suda-actors-actresses-asia-mbti-personality-type,,,,,,,,,3,,,,,,,
Ne,Fi,,100%,100%,Te,,100%,100%,0%,100%,,0%,0%,,Si,,https://api.personality-database.com/profile_images/2963.png,Masi Oka,https://www.personality-database.com/profile/2963/masi-oka-actors-actresses-asia-mbti-personality-type,,,,,,,,,,6,,,,,,
Fe,Ni,,100%,100%,Se,100%,100%,100%,0%,,,0%,0%,,Ti,,/images/profile_transparent.png,Maudy Ayunda,https://www.personality-database.com/profile/47508/maudy-ayunda-actors-actresses-asia-mbti-personality-type,,,,,,,,,1,,,,,,,
Si,Fe,100%,100%,,Ti,100%,,0%,0%,,100%,100%,0%,,Ne,,https://api.personality-database.com/profile_images/34198.png,Mei Nagano,https://www.personality-database.com/profile/34198/mei-nagano-actors-actresses-asia-mbti-personality-type,,,,,1,,,,,,,,,,,
Te,Si,,,100%,Ne,100%,,0%,0%,,100%,100%,0%,100%,Fi,,https://api.personality-database.com/profile_images/35085.png,Meisa Kuroki,https://www.personality-database.com/profile/35085/meisa-kuroki-actors-actresses-asia-mbti-personality-type,,,,,,,,,,,,,,,1,
Ni,Fe,100%,100%,,Ti,100%,100%,100%,0%,,,0%,0%,,Se,,/images/profile_transparent.png,Michelle Yeoh,https://www.personality-database.com/profile/25512/michelle-yeoh-actors-actresses-asia-mbti-personality-type,1,,,,,,,,,,,,,,,
Ne,Fi,,100%,100%,Te,,100%,100%,0%,100%,,0%,0%,,Si,,https://api.personality-database.com/profile_images/20274.png,Mirai Shida,https://www.personality-database.com/profile/20274/mirai-shida-actors-actresses-asia-mbti-personality-type,,,,,,,,,,1,,,,,,
Fe,Si,,100%,100%,Ne,100%,,0%,0%,,100%,100%,0%,,Ti,,https://api.personality-database.com/profile_images/34207.png,Mitsuki Takahata,https://www.personality-database.com/profile/34207/mitsuki-takahata-actors-actresses-asia-mbti-personality-type,,,,,,,,,,,,,1,,,
Ni,Fe,100%,100%,,Ti,100%,100%,100%,0%,,,0%,0%,,Se,,/images/profile_transparent.png,Park Bo Gum,https://www.personality-database.com/profile/34193/park-bo-gum-actors-actresses-asia-mbti-personality-type,1,,,,,,,,,,,,,,,
Fi,Ne,100%,100%,,Si,,100%,100%,0%,100%,,0%,0%,,Te,,/images/profile_transparent.png,Park Seo Joon,https://www.personality-database.com/profile/44242/park-seo-joon-actors-actresses-asia-mbti-personality-type,,1,,,,,,,,,,,,,,
Si,Fe,100%,92%,,Ti,83%,,0%,0%,,100%,83%,17%,,Ne,,https://api.personality-database.com/profile_images/12476.png,Priyanka Chopra,https://www.personality-database.com/profile/12476/priyanka-chopra-actors-actresses-asia-mbti-personality-type,,,,,10,1,,1,,,,,,,,
Ne,Fi,,100%,100%,Te,,100%,100%,0%,100%,,0%,0%,,Si,,https://api.personality-database.com/profile_images/34203.png,Rena Nounen,https://www.personality-database.com/profile/34203/rena-nounen-actors-actresses-asia-mbti-personality-type,,,,,,,,,,2,,,,,,
Ne,Fi,,100%,100%,Te,,100%,100%,0%,100%,,0%,0%,,Si,,https://api.personality-database.com/profile_images/20275.png,Rinko Kikuchi,https://www.personality-database.com/profile/20275/rinko-kikuchi-actors-actresses-asia-mbti-personality-type,,,,,,,,,,1,,,,,,
Ni,Fe,100%,100%,,Ti,100%,100%,100%,0%,,,0%,0%,,Se,,https://api.personality-database.com/profile_images/34289.png,Ryosuke Yamada,https://www.personality-database.com/profile/34289/ryosuke-yamada-actors-actresses-asia-mbti-personality-type,1,,,,,,,,,,,,,,,
Ni,Fe,100%,100%,,Ti,100%,100%,100%,0%,,,0%,0%,,Se,,https://api.personality-database.com/profile_images/38655.png,Ryu Jun Yeol,https://www.personality-database.com/profile/38655/ryu-jun-yeol-actors-actresses-asia-mbti-personality-type,2,,,,,,,,,,,,,,,
Ti,Se,100%,,,Ni,,,0%,25%,100%,75%,0%,75%,100%,Fe,,https://api.personality-database.com/profile_images/12475.png,Salman Khan,https://www.personality-database.com/profile/12475/salman-khan-actors-actresses-asia-mbti-personality-type,,,,1,,,,3,,,,,,,,
Ni,Fe,100%,100%,,Ti,100%,100%,100%,0%,,,0%,0%,,Se,,https://api.personality-database.com/profile_images/33459.png,Sammo Hung,https://www.personality-database.com/profile/33459/sammo-hung-actors-actresses-asia-mbti-personality-type,2,,,,,,,,,,,,,,,
Se,Fi,,100%,100%,Te,,,0%,0%,100%,100%,0%,100%,,Ni,,https://api.personality-database.com/profile_images/43700.png,Satomi Ishihara,https://www.personality-database.com/profile/43700/satomi-ishihara-actors-actresses-asia-mbti-personality-type,,,,,,,,,,,,,,1,,
Ti,Ne,82%,55%,,Si,55%,91%,45%,45%,,,9%,0%,,Fe,,https://api.personality-database.com/profile_images/5992.png,Shah Rukh Khan,https://www.personality-database.com/profile/5992/shah-rukh-khan-actors-actresses-asia-mbti-personality-type,3,,,5,1,,,,2,,,,,,,
Te,Si,,,100%,Ne,60%,,40%,0%,,60%,60%,0%,60%,Fi,,/images/profile_transparent.png,Shahab Hosseini,https://www.personality-database.com/profile/21658/shahab-hosseini-actors-actresses-asia-mbti-personality-type,,,,,,,,,,2,,,,,3,
Se,Ti,,,100%,Fe,,,0%,0%,100%,100%,0%,100%,100%,Ni,,https://api.personality-database.com/profile_images/43080.png,Shiori Kutsuna,https://www.personality-database.com/profile/43080/shiori-kutsuna-actors-actresses-asia-mbti-personality-type,,,,,,,,,,,,,,,,1
Si,Te,100%,,,Fi,100%,,0%,0%,,100%,100%,0%,100%,Ne,,https://api.personality-database.com/profile_images/34211.png,Sho Sakurai,https://www.personality-database.com/profile/34211/sho-sakurai-actors-actresses-asia-mbti-personality-type,,,,,,,2,,,,,,,,,
Ti,Se,100%,,,Ni,,,0%,0%,100%,100%,0%,100%,100%,Fe,,https://api.personality-database.com/profile_images/34192.png,Shuhei Nomura,https://www.personality-database.com/profile/34192/shuhei-nomura-actors-actresses-asia-mbti-personality-type,,,,,,,,2,,,,,,,,
Te,Si,,,100%,Ne,100%,,0%,0%,,100%,100%,0%,100%,Fi,,https://api.personality-database.com/profile_images/43702.png,Shun Oguri,https://www.personality-database.com/profile/43702/shun-oguri-actors-actresses-asia-mbti-personality-type,,,,,,,,,,,,,,,1,
Fe,Ne,,100%,,Ne,,,50%,0%,,,50%,0%,,Te,50%,/images/profile_transparent.png,Song Joong Ki,https://www.personality-database.com/profile/34339/song-joong-ki-actors-actresses-asia-mbti-personality-type,,1,,,,,,,,,,,1,,,
Se,Fi,,,100%,Se,,,0%,50%,,,0%,50%,,Fi,50%,https://api.personality-database.com/profile_images/43374.png,Suzu Hirose,https://www.personality-database.com/profile/43374/suzu-hirose-actors-actresses-asia-mbti-personality-type,,,,,,,,,,,1,,,1,,
Se,Fi,,100%,100%,Te,,,0%,0%,100%,100%,0%,100%,,Ni,,https://api.personality-database.com/profile_images/25871.png,Takehito Koyasu,https://www.personality-database.com/profile/25871/takehito-koyasu-actors-actresses-asia-mbti-personality-type,,,,,,,,,,,,,,1,,
Se,Fi,,100%,100%,Te,,,0%,0%,100%,100%,0%,100%,,Ni,,https://api.personality-database.com/profile_images/43703.png,Takeru Satoh,https://www.personality-database.com/profile/43703/takeru-satoh-actors-actresses-asia-mbti-personality-type,,,,,,,,,,,,,,1,,
Si,Si,,,,Fi,100%,,0%,0%,,100%,100%,0%,100%,Fi,50%,https://api.personality-database.com/profile_images/34341.png,Takuya Kimura,https://www.personality-database.com/profile/34341/takuya-kimura-actors-actresses-asia-mbti-personality-type,,,,,,,1,,,,,,,,1,
Fi,Ne,100%,100%,,Si,,100%,100%,0%,100%,,0%,0%,,Te,,https://api.personality-database.com/profile_images/34205.png,Tao Tsuchiya,https://www.personality-database.com/profile/34205/tao-tsuchiya-actors-actresses-asia-mbti-personality-type,,1,,,,,,,,,,,,,,
Fi,Fi,,100%,,Si,,100%,100%,0%,100%,,0%,0%,,Si,50%,/images/profile_transparent.png,Taraneh Alidousti,https://www.personality-database.com/profile/21659/taraneh-alidousti-actors-actresses-asia-mbti-personality-type,,2,,,,,,,,2,,,,,,
Si,Fe,100%,100%,,Ti,100%,,0%,0%,,100%,100%,0%,,Ne,,https://api.personality-database.com/profile_images/35091.png,Toma Ikuta,https://www.personality-database.com/profile/35091/toma-ikuta-actors-actresses-asia-mbti-personality-type,,,,,1,,,,,,,,,,,
Se,Fi,,75%,100%,Te,,,0%,0%,100%,100%,0%,100%,,Ni,,https://api.personality-database.com/profile_images/34421.png,Tony Jaa,https://www.personality-database.com/profile/34421/tony-jaa-martial-arts-mbti-personality-type,,,,,,,,,,,,,,3,,1
Fe,Ni,,100%,100%,Se,100%,100%,100%,0%,,,0%,0%,,Ti,,https://api.personality-database.com/profile_images/35090.png,Tori Matsuzaka,https://www.personality-database.com/profile/35090/tori-matsuzaka-actors-actresses-asia-mbti-personality-type,,,,,,,,,1,,,,,,,
Te,Si,,,100%,Ne,100%,,0%,0%,,100%,100%,0%,100%,Fi,,/images/profile_transparent.png,Yoo Seung Ho,https://www.personality-database.com/profile/34194/yoo-seung-ho-actors-actresses-asia-mbti-personality-type,,,,,,,,,,,,,,,1,
Te,Si,,,100%,Ne,100%,,0%,0%,,100%,100%,0%,100%,Fi,,https://api.personality-database.com/profile_images/43699.png,Yu Aoi,https://www.personality-database.com/profile/43699/yu-aoi-actors-actresses-asia-mbti-personality-type,,,,,,,,,,,,,,,1,
Ne,Ti,,,100%,Fe,,100%,0%,100%,100%,,0%,0%,100%,Si,,https://api.personality-database.com/profile_images/34335.png,Yudai Chiba,https://www.personality-database.com/profile/34335/yudai-chiba-actors-actresses-asia-mbti-personality-type,,,,,,,,,,,,1,,,,
Te,Si,,,100%,Ne,100%,,0%,0%,,100%,100%,0%,100%,Fi,,https://api.personality-database.com/profile_images/33458.png,Yuen Biao,https://www.personality-database.com/profile/33458/yuen-biao-actors-actresses-asia-mbti-personality-type,,,,,,,,,,,,,,,1,
Te,Si,,,100%,Ne,100%,,0%,0%,,100%,100%,0%,100%,Fi,,https://api.personality-database.com/profile_images/34201.png,Yui Aragaki,https://www.personality-database.com/profile/34201/yui-aragaki-actors-actresses-asia-mbti-personality-type,,,,,,,,,,,,,,,1,
Fi,Se,100%,100%,,Ni,,,0%,0%,100%,100%,0%,100%,,Te,,https://api.personality-database.com/profile_images/34337.png,Yuna Taira,https://www.personality-database.com/profile/34337/yuna-taira-actors-actresses-asia-mbti-personality-type,,,,,,2,,,,,,,,,,
Te,Ni,,,100%,Se,100%,80%,0%,80%,,,20%,0%,100%,Fi,,https://api.personality-database.com/profile_images/33344.png,Zhang Ziyi,https://www.personality-database.com/profile/33344/zhang-ziyi-actors-actresses-asia-mbti-personality-type,,,,,,,,,,,4,,,,1,
Ni,Fe,100%,100%,,Ti,100%,100%,100%,0%,,,0%,0%,,Se,,/images/profile_transparent.png,Zhao Wei,https://www.personality-database.com/profile/41710/zhao-wei-actors-actresses-asia-mbti-personality-type,1,,,,,,,,,,,,,,,
Fi,Se,,90%,,Ni,,,0%,0%,100%,100%,0%,100%,,Ni,50%,https://api.personality-database.com/profile_images/11690.png,Adle Exarchopoulos,https://www.personality-database.com/profile/11690/adle-exarchopoulos-actors-actresses-europe-mbti-personality-type,,,,,,5,,,,,,,,4,,1
Se,Ti,,,75%,Fe,,,25%,13%,63%,63%,13%,50%,75%,Ni,,https://api.personality-database.com/profile_images/10462.png,Alain Delon,https://www.personality-database.com/profile/10462/alain-delon-actors-actresses-europe-mbti-personality-type,,,1,,,,,1,1,1,,,,,1,3
Ti,Ne,76%,,,Si,,71%,12%,59%,82%,,6%,24%,88%,Fe,,https://api.personality-database.com/profile_images/11758.png,Alexander Skarsgrd,https://www.personality-database.com/profile/11758/alexander-skarsgrd-actors-actresses-europe-mbti-personality-type,,1,1,9,,,,2,1,,,,,,1,2
Fe,Si,,90%,95%,Ne,100%,,10%,0%,,90%,90%,0%,,Ti,,https://api.personality-database.com/profile_images/9229.png,Alicia Vikander,https://www.personality-database.com/profile/9229/alicia-vikander-actors-actresses-europe-mbti-personality-type,,,,,1,,,,2,,,,15,,2,
Fe,Si,,100%,100%,Ne,92%,,0%,0%,,100%,92%,8%,,Ti,,https://api.personality-database.com/profile_images/8712.png,Andr the Giant,https://www.personality-database.com/profile/8712/andr-the-giant-wrestling-wwe-wwf-mbti-personality-type,,,,,,,,,,,,,11,1,,
Ni,Te,100%,,,Fi,100%,86%,29%,57%,,,14%,0%,57%,Se,,https://api.personality-database.com/profile_images/22566.png,Antonio Banderas,https://www.personality-database.com/profile/22566/antonio-banderas-actors-actresses-europe-mbti-personality-type,2,,4,,1,,,,,,,,,,,
Se,Ti,,,100%,Fe,,,11%,22%,67%,67%,0%,67%,89%,Ni,,https://api.personality-database.com/profile_images/15195.png,Asia Argento,https://www.personality-database.com/profile/15195/asia-argento-actors-actresses-europe-mbti-personality-type,,,,,,,,,1,,2,,,,,6
Ne,Fi,,100%,100%,Te,,100%,100%,0%,100%,,0%,0%,,Si,,https://api.personality-database.com/profile_images/29814.png,strid Bergs-Frisbey,https://www.personality-database.com/profile/29814/strid-bergsfrisbey-actors-actresses-europe-mbti-personality-type,,,,,,,,,,1,,,,,,
Ne,Fi,,100%,88%,Te,,100%,100%,0%,88%,,0%,0%,,Si,,https://api.personality-database.com/profile_images/11697.png,Audrey Tautou,https://www.personality-database.com/profile/11697/audrey-tautou-actors-actresses-europe-mbti-personality-type,,1,,,,,,,1,6,,,,,,
Se,Fi,,100%,100%,Te,,,0%,0%,100%,100%,0%,100%,,Ni,,https://api.personality-database.com/profile_images/11696.png,Batrice Dalle,https://www.personality-database.com/profile/11696/batrice-dalle-actors-actresses-europe-mbti-personality-type,,,,,,,,,,,,,,1,,
Ne,Ti,,,100%,Fe,,100%,8%,92%,69%,,0%,0%,92%,Si,,https://api.personality-database.com/profile_images/7804.png,Bill Skarsgrd,https://www.personality-database.com/profile/7804/bill-skarsgrd-actors-actresses-europe-mbti-personality-type,,,,,,,,,,1,4,8,,,,
Se,Fi,,100%,100%,Te,,,0%,0%,100%,100%,0%,100%,,Ni,,https://api.personality-database.com/profile_images/50189.png,Brigitte Bardot,https://www.personality-database.com/profile/50189/brigitte-bardot-actors-actresses-europe-mbti-personality-type,,,,,,,,,,,,,,2,,
Fe,Ni,,100%,100%,Se,100%,100%,100%,0%,,,0%,0%,,Ti,,https://api.personality-database.com/profile_images/29036.png,Bruno Ganz,https://www.personality-database.com/profile/29036/bruno-ganz-actors-actresses-europe-mbti-personality-type,,,,,,,,,1,,,,,,,
Fe,Ni,,100%,100%,Se,86%,100%,100%,0%,,,0%,0%,,Ti,,https://api.personality-database.com/profile_images/31133.png,Carice van Houten,https://www.personality-database.com/profile/31133/carice-van-houten-actors-actresses-europe-mbti-personality-type,,,,,,,,,6,1,,,,,,
Fe,Si,,,100%,Ne,100%,,0%,0%,,100%,100%,0%,,Fi,50%,https://api.personality-database.com/profile_images/11670.png,Catherine Deneuve,https://www.personality-database.com/profile/11670/catherine-deneuve-actors-actresses-europe-mbti-personality-type,,,,,,,,,,,,,1,,1,
Ne,Ti,,,100%,Fe,,100%,14%,86%,100%,,0%,0%,86%,Si,,https://api.personality-database.com/profile_images/11705.png,Charlotte Gainsbourg,https://www.personality-database.com/profile/11705/charlotte-gainsbourg-actors-actresses-europe-mbti-personality-type,,,,,,,,,,1,,6,,,,
